INSERT INTO CLIENT (ID,ADRESSE,LATITUDE,LONGITUDE,MAIL,MOTDEPASSE,NOM,PRENOM) VALUES (124,'8 Rue Arago, Villeurbanne',45.7569761,4.883857799999999,'rborrotimatiasdantas4171@free.fr','password','BORROTI MATIAS DANTAS','Raphaël'),(125,'5 Rue Léon Fabre, Villeurbanne',45.7789232,4.8733014,'nolmeadamarais1551@gmail.com','password','OLMEADA MARAIS','Nor'),(126,'12 Rue de la Prevoyance, Villeurbanne',45.772051,4.887347600000001,'orayesgemez5313@outlook.com','password','RAYES GEMEZ','Olena'),(127,'4 Rue Phelypeaux, Villeurbanne',45.77745030000001,4.8639462,'asing8183@free.fr','password','SING','Ainhoa'),(128,'8 Rue Wilhelmine, Villeurbanne',45.7818299,4.881272099999999,'david-alexander.abdiullina@laposte.net','password','ABDIULLINA','David Alexander'),(129,'6 Rue Camille Koechlin, Villeurbanne',45.7628893,4.8877826,'moez.woagner@laposte.net','password','WOAGNER','Moez'),(130,'9 Impasse Guillet, Villeurbanne',45.7817053,4.8868425,'matteo.honry@yahoo.com','password','HONRY','Matteo'),(131,'20 Rue Decomberousse, Villeurbanne',45.7607155,4.9200883,'kevin.ceccani@hotmail.com','password','CECCANI','Kevin'),(132,'1 Rue d''Alsace, Villeurbanne',45.7715943,4.8700854,'alice.voyret@hotmail.com','password','VOYRET','Alice'),(133,'4 Rue de la Jeunesse, Villeurbanne',45.7740413,4.8974265,'jrinerd5241@yahoo.com','password','RINERD','Julien'),(134,'7 Rue de la Cloche, Villeurbanne',45.7880202,4.885587600000001,'owostphol@gmail.com','password','WOSTPHOL','Olivier'),(135,'4 Rue Marcel Doret, Villeurbanne',45.75475309999999,4.9119423,'vincent.giyraud@yahoo.com','password','GIYRAUD','Vincent'),(136,'16 Rue Jules Kumer, Villeurbanne',45.766554,4.890238699999999,'benjamin.kloen@yahoo.com','password','KLOEN','Benjamin'),(137,'4 Rue du Luxembourg, Villeurbanne',45.7506563,4.914410999999999,'adrien.unlu@laposte.net','password','UNLU','Adrien'),(138,'1 Rue Denis Papin, Villeurbanne',45.7704597,4.891653300000001,'romain.mie@free.fr','password','MIE','Romain'),(139,'8 Rue Leo Lagrange, Villeurbanne',45.7846337,4.9033655,'audrey-laure.beuollot@gmail.com','password','BEUOLLOT','Audrey-Laure'),(140,'18 Rue Baudelaire, Villeurbanne',45.7626876,4.8794303,'jose-luis.dalmarre@free.fr','password','DALMARRE','Jose Luis'),(141,'6 Rue du Perou, Villeurbanne',45.7769823,4.8778904,'stefan.boutilib@gmail.com','password','BOUTILIB','Stéfan'),(142,'3 Rue Leo Lagrange, Villeurbanne',45.7848221,4.9028982,'rgoguollot@gmail.com','password','GOGUOLLOT','Rémy'),(143,'3 Rue des 2 Frères, Villeurbanne',45.7561443,4.8866938,'lcrapan8910@hotmail.com','password','CRAPAN','Louis'),(144,'4 Avenue de la Rize, Villeurbanne',45.7692735,4.9096341,'julien.laazez@hotmail.com','password','LAAZEZ','Julien'),(145,'1 Avenue Jean Capelle, Villeurbanne',45.7815989,4.8739405,'xbouochrana@hotmail.com','password','BOUOCHRANA','Xavier'),(146,'16 Rue du Docteur Rollet, Villeurbanne',45.7678009,4.884021,'criti.sidar@outlook.com','password','SIDAR','Criti'),(147,'15 Impasse Comby, Villeurbanne',45.7731181,4.8860921,'antoine.rallond@gmail.com','password','RALLOND','Antoine'),(148,'1 Rue Alexandre Dumas, Villeurbanne',45.7762599,4.8880704,'ytheethiennghia8688@laposte.net','password','THEE THIEN NGHIA','Yann'),(149,'18 Rue du Professeur Calmette, Villeurbanne',45.77242,4.8974418,'lparteer8884@gmail.com','password','PARTEER','Lucas'),(150,'16 Allée Henri Georges Clouzot, Villeurbanne',45.7762855,4.861345099999999,'nacer.biuvaer@yahoo.com','password','BIUVAER','Nacer'),(151,'10 Rue Eugene Fourniere, Villeurbanne',45.7584372,4.8869238,'ali.villen@hotmail.com','password','VILLEN','Ali'),(152,'4 Rue Jean Novel, Villeurbanne',45.7719874,4.8609315,'afoula6009@gmail.com','password','FOULA','Aurélien'),(153,'5 Impasse Bayet, Villeurbanne',45.7615797,4.8986762,'lstarrs496@laposte.net','password','STARRS','Lucas'),(154,'14 Rue du Luizet, Villeurbanne',45.7830607,4.884890599999999,'jelghrob4781@free.fr','password','EL GHROB','Joris Nicolas'),(155,'1 Place du Commandant Rivière, Villeurbanne',45.77635799999999,4.8618802,'yoann.trin@hotmail.com','password','TRIN','Yoann'),(156,'9 Rue Burais, Villeurbanne',45.7593689,4.8917825,'bogdan-mihai.mekhtero@laposte.net','password','MEKHTERO','Bogdan Mihai'),(157,'14 Rue de la Sainte Famille, Villeurbanne',45.7809614,4.887908299999999,'jmonotto449@free.fr','password','MONOTTO','Josué'),(158,'6 Rue Lafontaine, Villeurbanne',45.7614505,4.875922099999999,'ppattit@outlook.com','password','PATTIT','Philipe'),(159,'15 Avenue Roberto Rossellini, Villeurbanne',45.77669119999999,4.8625402,'franck.mithais@outlook.com','password','MITHAIS','Franck'),(160,'19 Avenue Paul Kruger, Villeurbanne',45.7557805,4.8938656,'silvia.lou@laposte.net','password','LOU','Silvia'),(161,'15 Place de Croix Luizet, Villeurbanne',45.7805833,4.882929799999999,'rjuloon@gmail.com','password','JULOON','Renaud'),(162,'8 Avenue Jean Capelle, Villeurbanne',45.7814155,4.873103899999999,'mick.igarwal@outlook.com','password','IGARWAL','Mick'),(163,'11 Rue Mansard, Villeurbanne',45.7689041,4.8730791,'benjamin.cotolano@gmail.com','password','COTOLANO','Benjamin'),(164,'5 Avenue Henri Barbusse, Villeurbanne',45.76928040000001,4.879460799999999,'aklangsheim3542@yahoo.com','password','KLANGSHEIM','Alexis'),(165,'4 Rue Yvonne Chanu, Villeurbanne',45.75379239999999,4.9084279,'diulis907@free.fr','password','IULIS','Deschances'),(166,'5 Rue Jean Baptiste Durand, Villeurbanne',45.75495859999999,4.9041787,'frederic.leu@yahoo.com','password','LEU','Frédéric'),(167,'3 Rue Octavie, Villeurbanne',45.7815806,4.8877457,'michael.brichti@outlook.com','password','BRICHTI','Michael'),(168,'17 Rue Pierre Baratin, Villeurbanne',45.7647551,4.9015631,'vincent.duraf@gmail.com','password','DURAF','Vincent'),(169,'5 Impasse Martin, Villeurbanne',45.7628019,4.8946787,'mbonsal8320@gmail.com','password','BONSAL','Martin'),(170,'10 Impasse Bayet, Villeurbanne',45.76134889999999,4.898751799999999,'cprimeult7807@hotmail.com','password','PRIMEULT','Cheng'),(171,'16 Rue Sylvestre, Villeurbanne',45.7688506,4.8657977,'ssoumoellin3265@yahoo.com','password','SOUMOELLIN','Stéphanie'),(172,'17 Rue du Luxembourg, Villeurbanne',45.7494703,4.9147245,'michael.wosterland@outlook.com','password','WOSTERLAND','Michaël'),(173,'3 Rue de la Boube, Villeurbanne',45.781271,4.892235599999999,'ipethin4798@laposte.net','password','PETHIN','Ismael'),(174,'6 Avenue Salvador Allende, Villeurbanne',45.7755333,4.862862499999999,'mgoyat@yahoo.com','password','GOYAT','Michaël'),(175,'5 Rue Georges Courteline, Villeurbanne',45.7781994,4.876807599999999,'koyoub3682@laposte.net','password','OYOUB','Khalid'),(176,'4 Rue du 14 Juillet 1789, Villeurbanne',45.7625525,4.871245399999999,'jerome.gecquol@outlook.com','password','GECQUOL','Jérôme'),(177,'14 Rue du 4 Septembre 1797, Villeurbanne',45.7616545,4.8714069,'juan-carlos.duclis-moyna-bressind@gmail.com','password','DUCLIS-MOYNA-BRESSIND','Juan Carlos'),(178,'8 Impasse des Moineaux, Villeurbanne',45.7823334,4.897740799999999,'yekin6704@yahoo.com','password','EKIN','Yachen'),(179,'20 Rue des Peupliers, Villeurbanne',45.7621586,4.8882937,'ldaalmeada5311@laposte.net','password','DA ALMEADA','Lucas'),(180,'10 Rue Baudelaire, Villeurbanne',45.7635007,4.8790623,'cgayel5170@free.fr','password','GAYEL','Camille'),(181,'13 Rue George Sand, Villeurbanne',45.75489169999999,4.8862251,'antoine.gamaz-hernendez@hotmail.com','password','GAMAZ HERNENDEZ','Antoine'),(182,'16 Boulevard Niels Bohr, Villeurbanne',45.7852199,4.8724042,'sjely9488@outlook.com','password','JELY','Sébastien'),(183,'7 Rue Ernest Renan, Villeurbanne',45.765849,4.902369999999999,'saskia.boiuvaas@free.fr','password','BOIUVAAS','Saskia'),(184,'7 Rue Pelisson, Villeurbanne',45.7740057,4.8854142,'fduffy-ciissord@yahoo.com','password','DUFFY-CIISSORD','Franco'),(185,'8 Rue Charles Montaland, Villeurbanne',45.7641784,4.8816409,'tfrapan4114@free.fr','password','FRAPAN','Thomas'),(186,'9 Boulevard de la Bataille de Stalingrad, Villeurbanne',45.7832353,4.8600067,'yholgert4839@outlook.com','password','HOLGERT','Yoann'),(187,'9 Rue Branly, Villeurbanne',45.7705451,4.8816468,'rafael.baurgioos@hotmail.com','password','BAURGIOOS','Rafael'),(188,'1 Rue Eugene Fourniere, Villeurbanne',45.7585395,4.886981599999999,'vgorveis1260@outlook.com','password','GORVEIS','Vianney'),(189,'4 Allée Henri Georges Clouzot, Villeurbanne',45.7759975,4.8612696,'thomas.blit-roux@gmail.com','password','BLIT ROUX','Thomas'),(190,'2 Allée Louis Pergaud, Villeurbanne',45.7527434,4.9140206,'ccalericortes6619@outlook.com','password','CALERI CORTES','Chen'),(191,'15 Rue Berthelot, Villeurbanne',45.7587043,4.8972954,'pierre-henri.chibah@yahoo.com','password','CHIBAH','Pierre-Henri'),(192,'18 Rue Louis Teillon, Villeurbanne',45.7507184,4.9160187,'dana.chaussaere@gmail.com','password','CHAUSSAERE','Dana'),(193,'17 Rue du Dr Pierre Fleury Papillon, Villeurbanne',45.7638066,4.8832075,'julien.filch@outlook.com','password','FILCH','Julien'),(194,'12 Rue Léon Piat, Villeurbanne',45.7732093,4.902845,'mnguyan2059@outlook.com','password','NGUYAN','Meng'),(195,'3 Allée Louis Pergaud, Villeurbanne',45.7530156,4.914321999999999,'jilba@hotmail.com','password','ILBA','Jose'),(196,'14 Rue Lafontaine, Villeurbanne',45.7614457,4.8759387,'sdekew4845@yahoo.com','password','DEKEW','Samuel'),(197,'8 Avenue Roger Salengro, Villeurbanne',45.7744048,4.8687118,'edeezmillan@laposte.net','password','DEEZ MILLAN','Eduardo'),(198,'18 Impasse Chevreul, Villeurbanne',45.7646106,4.9000081,'juan-felix.hiuellon@free.fr','password','HIUELLON','Juan Felix'),(199,'6 Rue des Muriers, Villeurbanne',45.7625134,4.8812122,'lionel.bargheni@free.fr','password','BARGHENI','Lionel'),(200,'2 Rue Leo Lagrange, Villeurbanne',45.7847825,4.9026024,'gwenael.theuvanon-jenner@outlook.com','password','THEUVANON-JENNER','Gwenaël'),(201,'16 Rue René Prolongee, Villeurbanne',45.7785058,4.8934861,'yaelle.rouveire@outlook.com','password','ROUVEIRE','Yaelle'),(202,'2 Rue Frédéric Fays, Villeurbanne',45.7647369,4.9026643,'aogarwal@outlook.com','password','OGARWAL','Alexandru'),(203,'18 Rue Paret, Villeurbanne',45.7737197,4.8868203,'ainhoa.vollenuova-zacarias@free.fr','password','VOLLENUOVA ZACARIAS','Ainhoa'),(204,'11 Rue Bernard Lecache, Villeurbanne',45.764358,4.911852199999999,'faugustan3695@outlook.com','password','AUGUSTAN','Frédéric'),(205,'15 Rue Frédéric Fays, Villeurbanne',45.7637975,4.9045105,'fabio.dean@outlook.com','password','DEAN','Fabio'),(206,'12 Rue Bonnet, Villeurbanne',45.7773152,4.8697403,'mbiagno4065@laposte.net','password','BIAGNO','Mathis'),(207,'8 Avenue Piaton, Villeurbanne',45.7741676,4.866421799999999,'maximilian.madree@free.fr','password','MADREE','Maximilian'),(208,'18 Rue du Cimetière, Villeurbanne',45.7651326,4.911451,'fsidry6460@hotmail.com','password','SIDRY','Flavia'),(209,'5 Rue Max Linder, Villeurbanne',45.771944,4.8901709,'paul.huing@free.fr','password','HUING','Paul'),(210,'20 Rue Montgolfier, Villeurbanne',45.7743463,4.889504,'qiscindell4962@hotmail.com','password','ISCINDELL','Quentin'),(211,'18 Rue Charles Montaland, Villeurbanne',45.7635942,4.8818331,'thibaut.sijilmissi@laposte.net','password','SIJILMISSI','Thibaut'),(212,'9 Rue Jean Voillot, Villeurbanne',45.7551542,4.9100886,'ydurintan4548@yahoo.com','password','DURINTAN','Youssef'),(213,'14 Rue Berthelot, Villeurbanne',45.7582839,4.8969008,'elisa.lihmam-bonnani@yahoo.com','password','LIHMAM BONNANI','Elisa'),(214,'13 Rue Mauvert, Villeurbanne',45.77406939999999,4.8780433,'andres-eugenio.dreai@gmail.com','password','DREAI','Andres Eugenio'),(215,'7 Impasse du Boucheret, Villeurbanne',45.76731729999999,4.8960216,'lcriux2062@hotmail.com','password','CRIUX','Lyes'),(216,'11 Rue Pierre Larousse, Villeurbanne',45.77255330000001,4.8681323,'rkeramnes7888@yahoo.com','password','KERAMNES','Romain'),(217,'13 Place Jules Grandclement, Villeurbanne',45.7585026,4.8859312,'qvory5639@laposte.net','password','VORY','Quentin'),(218,'9 Place de la Paix, Villeurbanne',45.7523068,4.9143177,'yto@hotmail.com','password','TO','Yixin'),(219,'7 Rue Bonnet, Villeurbanne',45.7777611,4.8705567,'mnagueiridesouza@gmail.com','password','NAGUEIRI DE SOUZA','Mathias'),(220,'11 Rue Marguerite, Villeurbanne',45.7779982,4.870417199999999,'ghernendez@yahoo.com','password','HERNENDEZ','Grégory'),(221,'3 Impasse François Chanteur, Villeurbanne',45.7782515,4.887220399999999,'oana-maria.moron@outlook.com','password','MORON','Oana-Maria'),(222,'9 Impasse des Antonins, Villeurbanne',45.7819292,4.878572399999999,'rbabaraer@outlook.com','password','BABARAER','Raphaël'),(223,'6 Rue de l''Union, Villeurbanne',45.7661289,4.890629199999999,'rguoguen@hotmail.com','password','GUOGUEN','Richard'),(224,'6 Place Albert Thomas, Villeurbanne',45.7488366,4.8616681,'jvery112@outlook.com','password','VERY','Johann'),(225,'17 Rue de Fontanieres, Villeurbanne',45.7766895,4.8830917,'nasceute@gmail.com','password','ASCEUTE','Nicolas'),(226,'1 Rue Pierre Cacard, Villeurbanne',45.7670389,4.892936199999999,'stephane.doved@outlook.com','password','DOVED','Stéphane'),(227,'10 Rue des Fleurs, Villeurbanne',45.7545891,4.894804199999999,'bblech7507@free.fr','password','BLECH','Benoît'),(228,'18 Rue de la Fraternite, Villeurbanne',45.7542765,4.886813099999999,'mtiaxeiradacunhajunier5110@free.fr','password','TIAXEIRA DA CUNHA JUNIER','Marouane'),(229,'3 Petite Rue de la Rize, Villeurbanne',45.7600213,4.885809399999999,'remi.brivet@hotmail.com','password','BRIVET','Rémi'),(230,'17 Rue de Bruxelles, Villeurbanne',45.7775757,4.8688897,'damien.inadaa-ponaffi@laposte.net','password','INADAA PONAFFI','Damien'),(231,'9 Place Paul Strauss, Villeurbanne',45.77567310000001,4.8941016,'tdeshoyes4046@yahoo.com','password','DESHOYES','Tracey'),(232,'5 Impasse Martin, Villeurbanne',45.7628019,4.8946787,'guillaume.zontedeschi@yahoo.com','password','ZONTEDESCHI','Guillaume'),(233,'9 Rue des Acacias, Villeurbanne',45.7812093,4.904363,'nchos6250@outlook.com','password','CHOS','Nicolas'),(234,'18 Rue Louis Guerin, Villeurbanne',45.7782014,4.8603536,'julien.adi-abdallah-oumbarok@outlook.com','password','ADI ABDALLAH OUMBAROK','Julien'),(235,'9 Rue Château Gaillard, Villeurbanne',45.77569260000001,4.8866106,'thiago.bettal@laposte.net','password','BETTAL','Thiago'),(236,'8 Rue de la Convention, Villeurbanne',45.7634479,4.8714282,'emmanuel.dossou-gbate@free.fr','password','DOSSOU-GBATE','Emmanuel'),(237,'1 Rue Hippolyte Kahn, Villeurbanne',45.7712934,4.8757081,'sebastien.louront@yahoo.com','password','LOURONT','Sébastien'),(238,'2 Rue Marcel Dutartre, Villeurbanne',45.77966319999999,4.8752968,'sjian@outlook.com','password','JIAN','Sébastien'),(239,'14 Rue Jean Claude Vivant, Villeurbanne',45.77001809999999,4.868074,'rzobonge8769@laposte.net','password','ZOBONGE','Rafael Armando'),(240,'14 Rue de l''Union, Villeurbanne',45.7661289,4.890629199999999,'cmenetto1960@gmail.com','password','MENETTO','Catalin'),(241,'3 Allée Athena, Villeurbanne',45.7774866,4.8635947,'servane.develle@outlook.com','password','DEVELLE','Servane'),(242,'12 Avenue du Commandant l''Herminier, Villeurbanne',45.7698537,4.8846666,'guillaume.iguil-forrer@free.fr','password','IGUIL FORRER','Guillaume'),(243,'12 Rue Joseph Gillet, Villeurbanne',45.772977,4.8865325,'nicolas.zihlake@outlook.com','password','ZIHLAKE','Nicolas'),(244,'19 Avenue Marcel Cerdan, Villeurbanne',45.7676206,4.9063876,'manon.igarwal@laposte.net','password','IGARWAL','Manon'),(245,'14 Rue Mansard, Villeurbanne',45.76911459999999,4.8724696,'msenchiz1104@laposte.net','password','SENCHIZ','Marc'),(246,'15 Rue Philippe Verzier, Villeurbanne',45.7739167,4.8766159,'dan.timaillon@outlook.com','password','TIMAILLON','Dan'),(247,'16 Rue du Foyer, Villeurbanne',45.7745614,4.8804268,'lucas.cimots@gmail.com','password','CIMOTS','Lucas'),(248,'11 Rue Louis Braille, Villeurbanne',45.7603468,4.882525999999999,'cchas9019@outlook.com','password','CHAS','Chongguang'),(249,'15 Rue Alfred Brinon, Villeurbanne',45.7767741,4.8951581,'radouan.lazono-romero@yahoo.com','password','LAZONO ROMERO','Radouan'),(250,'19 Rue Louis Goux, Villeurbanne',45.7659265,4.8916685,'jeremy.climent@hotmail.com','password','CLIMENT','Jérémy'),(251,'15 Impasse Amblard, Villeurbanne',45.7544631,4.8882251,'adalhomme1395@outlook.com','password','DALHOMME','Ali'),(252,'12 Rue Léon Blum, Villeurbanne',45.7595441,4.8918213,'sfavro@free.fr','password','FAVRO','Samuel'),(253,'1 Rue Lancon, Villeurbanne',45.7711954,4.8914611,'hicham.blochi@laposte.net','password','BLOCHI','Hicham'),(254,'17 Rue Jean Ottavi, Villeurbanne',45.7732434,4.874111099999999,'souad.do-mori-marten@gmail.com','password','DO MORI MARTEN','Souad'),(255,'19 Rue Edison, Villeurbanne',45.7547073,4.9183002,'xboskurt@yahoo.com','password','BOSKURT','Xavier'),(256,'17 Rue Dedieu, Villeurbanne',45.7694529,4.864414,'vitor-paulo.gattiro@hotmail.com','password','GATTIRO','Vitor Paulo'),(257,'16 Rue Émile Duniere, Villeurbanne',45.7800152,4.884659999999999,'sfoura1322@laposte.net','password','FOURA','Stéphane'),(258,'16 Rue Paul Gojon, Villeurbanne',45.7712677,4.8997937,'jean.starrs@outlook.com','password','STARRS','Jean'),(259,'2 Rue de l''Espoir, Villeurbanne',45.7810655,4.8828231,'benjamin.holle@gmail.com','password','HOLLE','Benjamin'),(260,'14 Rue de Verdun, Villeurbanne',45.7842029,4.897151099999999,'fabien.zhu@laposte.net','password','ZHU','Fabien'),(261,'7 Rue Léon Fabre, Villeurbanne',45.7789232,4.8733014,'alexis.farist@outlook.com','password','FARIST','Alexis'),(262,'18 Cours Docteur Jean Damidot, Villeurbanne',45.7617659,4.8832962,'lblenchard7206@gmail.com','password','BLENCHARD','Lambert'),(263,'14 Rue Colin, Villeurbanne',45.7754859,4.8738644,'sylvain.replumez@free.fr','password','REPLUMEZ','Sylvain'),(264,'1 Impasse Metral, Villeurbanne',45.7718164,4.8710435,'philipp.miene@hotmail.com','password','MIENE','Philipp'),(265,'15 Rue Clos Poncet, Villeurbanne',45.7626828,4.8755369,'mriyniud9456@free.fr','password','RIYNIUD','Martin'),(266,'11 Rue Sully Prudhomme, Villeurbanne',45.7662021,4.878980800000001,'emiliano.jicquet@hotmail.com','password','JICQUET','Emiliano'),(267,'9 Impasse des Glycines, Villeurbanne',45.7649822,4.8943949,'msaorfock1741@gmail.com','password','SAORFOCK','Myriam'),(268,'16 Allée Marcel Doret, Villeurbanne',45.755081,4.9120821,'yunjie.zamera-cresostomo@outlook.com','password','ZAMERA CRESOSTOMO','Yunjie'),(269,'3 Rue Edison, Villeurbanne',45.7550564,4.9170292,'mehdi.eissa@yahoo.com','password','EISSA','Mehdi'),(270,'8 Rue Jean Zuber, Villeurbanne',45.7754387,4.8976316,'adrian.mihajan@outlook.com','password','MIHAJAN','Adrian'),(271,'8 Rue Berthelot, Villeurbanne',45.7589631,4.896653,'kilian.grosaava@outlook.com','password','GROSAAVA','Kilian'),(272,'12 Rue Clement Michut, Villeurbanne',45.7677959,4.881461,'silvia.bradiar@free.fr','password','BRADIAR','Silvia'),(273,'14 Rue Valentin Hauy, Villeurbanne',45.75955390000001,4.883085599999999,'johann.miren@gmail.com','password','MIREN','Johann'),(274,'11 Rue Lakanal, Villeurbanne',45.7756579,4.8662299,'yu-kan.denaci@hotmail.com','password','DENACI','Yu Kan'),(275,'14 Rue Chambfort, Villeurbanne',45.7671866,4.9024581,'zfovraaux4676@yahoo.com','password','FOVRAAUX','Zhifan'),(276,'1 Avenue Salvador Allende, Villeurbanne',45.776422,4.8627325,'yritilio3830@yahoo.com','password','RITILIO','Yvon Patrick'),(277,'18 Rue Richelieu, Villeurbanne',45.7609504,4.877788199999999,'anh-toan.bantikous@yahoo.com','password','BANTIKOUS','Anh-Toàn'),(278,'3 Impasse des Glycines, Villeurbanne',45.7656532,4.8944584,'yloang4636@hotmail.com','password','LOANG','Yi'),(279,'19 Rue Louis Becker, Villeurbanne',45.76524,4.8688682,'mathieu.mee@laposte.net','password','MEE','Mathieu'),(280,'20 Avenue Monin, Villeurbanne',45.78781009999999,4.884017399999999,'valerie.charlot@yahoo.com','password','CHARLOT','Valérie'),(281,'10 Rue Etienne Gagnaire, Villeurbanne',45.77269709999999,4.8657351,'nsenopayin6186@yahoo.com','password','SENOPAYIN','Nicolas'),(282,'5 Avenue de Bel Air, Villeurbanne',45.7570538,4.911662,'matteo.indrado-selva@outlook.com','password','INDRADO SELVA','Matteo'),(283,'8 Rue Hippolyte Kahn, Villeurbanne',45.7714696,4.874893,'jdaselvaserapiaa@gmail.com','password','DA SELVA SERAPIAA','Julie'),(284,'20 Rue des Roses, Villeurbanne',45.75439910000001,4.9063611,'michael.gemez-hernendez@laposte.net','password','GEMEZ HERNENDEZ','Michaël'),(285,'14 Rue Philippe Verzier, Villeurbanne',45.7739529,4.876116199999999,'hoang-son.dinieud@hotmail.com','password','DINIEUD','Hoang Son'),(286,'12 Rue Jean Bertin, Villeurbanne',45.76034139999999,4.919617199999999,'cfanten9224@yahoo.com','password','FANTEN','Cédric'),(287,'20 Rue Jean Jaurès, Villeurbanne',45.75678130000001,4.879825500000001,'iheustant@gmail.com','password','HEUSTANT','Iulia-Margareta'),(288,'16 Avenue Antoine Dutrievoz, Villeurbanne',45.7717195,4.8615643,'salim.domonguas@hotmail.com','password','DOMONGUAS','Salim'),(289,'16 Rue Tranquille, Villeurbanne',45.78454079999999,4.8984193,'stuart.bantrei@gmail.com','password','BANTREI','Stuart'),(290,'15 Rue du Caporal Morange, Villeurbanne',45.7520854,4.9172771,'msinipayon2394@yahoo.com','password','SINIPAYON','Mohammed Oussama'),(291,'8 Place Wilson, Villeurbanne',45.7732473,4.8684432,'karim.trivini@hotmail.com','password','TRIVINI','Karim'),(292,'16 Rue de la Prairie, Villeurbanne',45.7830188,4.899952,'louis-jean.mellada-quontana@outlook.com','password','MELLADA QUONTANA','Louis-Jean'),(293,'16 Rue Jean Ottavi, Villeurbanne',45.7732172,4.8741113,'vburgisharrere6760@outlook.com','password','BURGIS HARRERE','Vincent'),(294,'18 Allée des Enfants, Villeurbanne',45.7704513,4.8977042,'jemayal@gmail.com','password','EMAYAL','Julie'),(295,'16 Rue Pascal, Villeurbanne',45.76076279999999,4.8744277,'mmatagit9413@hotmail.com','password','MATAGIT','Moez'),(296,'20 Rue du Roulet, Villeurbanne',45.7862538,4.8964016,'lbennit9568@outlook.com','password','BENNIT','Liliana'),(297,'4 Rue Louis Adam, Villeurbanne',45.76940949999999,4.871608999999999,'azoaurar@outlook.com','password','ZOAURAR','Adrian Alejandro'),(298,'4 Rue Monge, Villeurbanne',45.7529985,4.9088712,'radu.duportol@yahoo.com','password','DUPORTOL','Radu'),(299,'3 Rue Mansard, Villeurbanne',45.7692328,4.8728865,'yilmensoura2193@hotmail.com','password','IL MENSOURA','Yoann'),(300,'3 Rue Roger Lenoir, Villeurbanne',45.7695288,4.8892617,'fernando.pirevertayle@gmail.com','password','PIREVERTAYLE','Fernando'),(301,'12 Rue du Boulevard, Villeurbanne',45.7776708,4.8685866,'banu.hsasson@yahoo.com','password','HSASSON','Banu'),(302,'5 Rue des Brosses, Villeurbanne',45.7513539,4.9085269,'stephane.fresserd@yahoo.com','password','FRESSERD','Stéphane'),(303,'4 Rue Roger Lenoir, Villeurbanne',45.7689601,4.8889324,'othmane.laguolle@gmail.com','password','LAGUOLLE','Othmane'),(304,'16 Rue Jean Ottavi, Villeurbanne',45.7732172,4.8741113,'brainori4694@laposte.net','password','RAINORI','Benoît'),(305,'3 Rue Francis de Pressense, Villeurbanne',45.7728541,4.8665759,'antonio.al-fatha@hotmail.com','password','AL FATHA','Antonio'),(306,'6 Rue Leo Lagrange, Villeurbanne',45.7846135,4.9031899,'benjamin.mouzela@hotmail.com','password','MOUZELA','Benjamin'),(307,'8 Place de Croix Luizet, Villeurbanne',45.7805833,4.882929799999999,'charlie.cloment@free.fr','password','CLOMENT','Charlie'),(308,'12 Rue du Tonkin, Villeurbanne',45.7778978,4.8650614,'mmauhsana2154@outlook.com','password','MAUHSANA','Maxime'),(309,'12 Impasse des Lilas, Villeurbanne',45.76892609999999,4.890719799999999,'sduref@laposte.net','password','DUREF','Sylvain'),(310,'20 Rue de Venise, Villeurbanne',45.7666317,4.8997522,'vitor-paulo.gottiro@laposte.net','password','GOTTIRO','Vitor Paulo'),(311,'3 Rue Baudin, Villeurbanne',45.7669046,4.9047271,'vincent.vorron@laposte.net','password','VORRON','Vincent'),(312,'3 Rue Sylvestre, Villeurbanne',45.7691512,4.8667323,'anas.duchir@free.fr','password','DUCHIR','Anas'),(313,'13 Rue d''Alsace, Villeurbanne',45.7699206,4.8703467,'ftharind9839@outlook.com','password','THARIND','Frédéric'),(314,'10 Rue Jean Pierre Bredy, Villeurbanne',45.7825877,4.886167200000001,'alexandre.pereori-reis@free.fr','password','PEREORI-REIS','Alexandre'),(315,'15 Rue Louis Malle, Villeurbanne',45.773518,4.8599194,'nrabesche@outlook.com','password','RABESCHE','Nicolas'),(316,'2 Rue Andree Brevet, Villeurbanne',45.75673829999999,4.888712600000001,'nicolas.le-ray@free.fr','password','LE RAY','Nicolas'),(317,'9 Rue Burais, Villeurbanne',45.7593689,4.8917825,'crecherd@gmail.com','password','RECHERD','Camille'),(318,'10 Petite Rue de la Rize, Villeurbanne',45.7600468,4.8858961,'libin.thalot@free.fr','password','THALOT','Libin'),(319,'12 Rue des Fleurs, Villeurbanne',45.7541412,4.8952594,'vgische@laposte.net','password','GISCHE','Vincent'),(320,'3 Rue Andree Brevet, Villeurbanne',45.7566251,4.889004700000001,'mgavrey1840@laposte.net','password','GAVREY','Myriam'),(321,'19 Impasse Brive, Villeurbanne',45.7617032,4.9014745,'jguarin8959@free.fr','password','GUARIN','Jean-Marie'),(322,'1 Place des Passementiers, Villeurbanne',45.7696048,4.8659766,'rberthaer2095@gmail.com','password','BERTHAER','Rafael'),(323,'2 Rue Francis Chirat, Villeurbanne',45.7589676,4.8890313,'brice.feugariy@hotmail.com','password','FEUGARIY','Brice'),(324,'12 Rue Son Tay, Villeurbanne',45.7731139,4.8644617,'jjon3041@laposte.net','password','JON','Julien'),(325,'6 Impasse des Glycines, Villeurbanne',45.76556619999999,4.894268299999999,'ailfatho2061@outlook.com','password','IL FATHO','Anéva'),(326,'5 Rue Louis Maynard, Villeurbanne',45.7867664,4.9003499,'yoram.farnendez-fernandez@gmail.com','password','FARNENDEZ FERNANDEZ','Yoram'),(327,'1 Rue des Charmettes, Villeurbanne',45.7722742,4.866077199999999,'yibin.pisca@yahoo.com','password','PISCA','Yibin'),(328,'3 Rue Yvonne, Villeurbanne',45.7768012,4.876526399999999,'cyril.gissmann@laposte.net','password','GISSMANN','Cyril'),(329,'7 Allée Marcel Doret, Villeurbanne',45.7548814,4.9117976,'draoss@outlook.com','password','RAOSS','Dounia'),(330,'1 Rue Châteaubriand, Villeurbanne',45.7812168,4.8810898,'remy.lo@outlook.com','password','LO','Rémy'),(331,'4 Rue Camille Koechlin, Villeurbanne',45.7627247,4.887767999999999,'crabesche@laposte.net','password','RABESCHE','Claire'),(332,'8 Allée du Couchant, Villeurbanne',45.7596617,4.8786741,'stephane.knouer@hotmail.com','password','KNOUER','Stéphane'),(333,'9 ﻿Petite Rue de la Poudrette, Villeurbanne',45.7642864,4.917669099999999,'nicolas.diconinck@laposte.net','password','DICONINCK','Nicolas'),(334,'2 Rue Raspail, Villeurbanne',45.7732207,4.8798992,'sebastien.schirtenleeb@laposte.net','password','SCHIRTENLEEB','Sébastien'),(335,'3 Rue de la Solidarite, Villeurbanne',45.7548557,4.8892004,'christophe.deng@hotmail.com','password','DENG','Christophe'),(336,'7 Rue Louis Teillon, Villeurbanne',45.7507923,4.9157135,'jguillau@gmail.com','password','GUILLAU','Jean-Brice'),(337,'2 Rue Jules Siegfried, Villeurbanne',45.774681,4.8958036,'victor.voyret@outlook.com','password','VOYRET','Victor'),(338,'1 Rue Montgolfier, Villeurbanne',45.7745845,4.8904442,'cgorny9575@gmail.com','password','GORNY','Cédric'),(339,'11 Rue de la Soie, Villeurbanne',45.7626266,4.916289799999999,'raphael.silzgiber@hotmail.com','password','SILZGIBER','Raphael'),(340,'18 Rue de la Marne, Villeurbanne',45.7528275,4.905852299999999,'tilbart9142@yahoo.com','password','ILBART','Tobias'),(341,'3 Rue du Roulet, Villeurbanne',45.7869187,4.896797600000001,'sviuxeur9319@gmail.com','password','VIUXEUR','Sébastien'),(342,'13 Avenue de Bel Air, Villeurbanne',45.7564214,4.912354199999999,'jetmir.bonnes@gmail.com','password','BONNES','Jetmir'),(343,'20 Rue Bergonier, Villeurbanne',45.7649104,4.8986043,'opaoi@laposte.net','password','PAOI','Othmane'),(344,'14 Rue Jules Siegfried, Villeurbanne',45.7737755,4.8958172,'pguyord5987@hotmail.com','password','GUYORD','Paulo'),(345,'4 Rue Léon Blum, Villeurbanne',45.7594274,4.8912258,'cmilrec9009@yahoo.com','password','MILREC','Charlotte'),(346,'3 Rue Richelieu, Villeurbanne',45.7622384,4.8786477,'nirnaud874@hotmail.com','password','IRNAUD','Nicolas'),(347,'10 Rue Richelieu, Villeurbanne',45.76167909999999,4.8781794,'romain.chiumotte@hotmail.com','password','CHIUMOTTE','Romain'),(348,'15 Allée des Enfants, Villeurbanne',45.7704479,4.897366,'sebastien.tastevuide@hotmail.com','password','TASTEVUIDE','Sébastien'),(349,'2 Rue Flachet, Villeurbanne',45.7716145,4.8899522,'wsemonnit8079@outlook.com','password','SEMONNIT','Walid'),(350,'8 Rue Camille Koechlin, Villeurbanne',45.76306470000001,4.8877963,'sebastien.machel@laposte.net','password','MACHEL','Sébastien'),(351,'20 Allée Marcel Doret, Villeurbanne',45.755081,4.9120821,'cbonnoari@outlook.com','password','BONNOARI','Clément'),(352,'17 Place des Maisons Neuves, Villeurbanne',45.7563675,4.877273199999999,'ndu2574@laposte.net','password','DU','Nicolas'),(353,'14 Rue Léon Chomel, Villeurbanne',45.7707688,4.8792918,'duc-duy.fong@free.fr','password','FONG','Duc Duy'),(354,'2 Boulevard Laurent Bonnevay, Villeurbanne',45.7871579,4.887146899999999,'jjaong6675@outlook.com','password','JAONG','Jose Carlos'),(355,'2 Allée Henri Georges Clouzot, Villeurbanne',45.7761473,4.861553900000001,'franck.tirsen@free.fr','password','TIRSEN','Franck'),(356,'13 Rue du Champ de l''Orme, Villeurbanne',45.7720843,4.891429899999999,'fpetiit@outlook.com','password','PETIIT','Florian'),(357,'16 Rue Montgolfier, Villeurbanne',45.77443720000001,4.8897808,'jacques-olivier.searfick@hotmail.com','password','SEARFICK','Jacques-Olivier'),(358,'13 Rue Pierre Louis Bernaix, Villeurbanne',45.7601114,4.896868400000001,'jonathan.jambot@outlook.com','password','JAMBOT','Jonathan'),(359,'11 Rue Baudelaire, Villeurbanne',45.7628757,4.879625799999999,'tcii5932@gmail.com','password','CII','Tobias'),(360,'9 Rue Leo Lagrange, Villeurbanne',45.7848467,4.9036553,'lstinculoscu3325@gmail.com','password','STINCULOSCU','Lucas'),(361,'4 Rue de l''Amitie, Villeurbanne',45.75491,4.890181,'zouhair.mcgragar@laposte.net','password','MCGRAGAR','Zouhair'),(362,'20 Boulevard du 11 Novembre 1918, Villeurbanne',45.7793424,4.8616503,'mdasalva1215@laposte.net','password','DA SALVA','Michaël'),(363,'17 Avenue Salvador Allende, Villeurbanne',45.77516749999999,4.8648015,'mustafa.caballere-llanos@gmail.com','password','CABALLERE LLANOS','Mustafa'),(364,'12 Place des Maisons Neuves, Villeurbanne',45.7552922,4.8761366,'arthur.miren@gmail.com','password','MIREN','Arthur'),(365,'9 Rue Basile, Villeurbanne',45.7792089,4.8826103,'nhille@laposte.net','password','HILLE','Nicolas'),(366,'18 Impasse Brive, Villeurbanne',45.7617065,4.901511699999999,'bandradoselva@hotmail.com','password','ANDRADO SELVA','Baptiste'),(367,'17 Rue Léon Chomel, Villeurbanne',45.7705432,4.8798749,'qcropet@yahoo.com','password','CROPET','Quentin'),(368,'14 Rue Émile Decorps, Villeurbanne',45.7582886,4.8998205,'aurelien.moustinfii@free.fr','password','MOUSTINFII','Aurélien'),(369,'6 Rue de l''Avenir, Villeurbanne',45.7552922,4.9072014,'rla8258@gmail.com','password','LA','Reda'),(370,'8 Rue Dedieu, Villeurbanne',45.7691019,4.8635849,'mbochatene7051@yahoo.com','password','BOCHATENE','Matthieu'),(371,'20 Rue Hector Berlioz, Villeurbanne',45.7721413,4.8685328,'josselin.fauchot@laposte.net','password','FAUCHOT','Josselin'),(372,'5 Rue de l''Amitie, Villeurbanne',45.75491,4.890181,'thomas.schoubor@free.fr','password','SCHOUBOR','Thomas'),(373,'4 Rue Jules Valles, Villeurbanne',45.76993909999999,4.8636329,'leonardo.phen@hotmail.com','password','PHEN','Leonardo'),(374,'16 Allée Henri Georges Clouzot, Villeurbanne',45.7762855,4.861345099999999,'neltor1201@gmail.com','password','ELTOR','Nicolas'),(375,'12 Rue Wilhelmine, Villeurbanne',45.7818299,4.881272099999999,'johan.grangi-praderas@free.fr','password','GRANGI-PRADERAS','Johan'),(376,'19 Rue Andree Brevet, Villeurbanne',45.7566251,4.889004700000001,'mathieu.desso@laposte.net','password','DESSO','Mathieu'),(377,'12 Rue Pierre Joseph Proudhon, Villeurbanne',45.7734227,4.889768399999999,'nicolas.salbanne@gmail.com','password','SALBANNE','Nicolas'),(378,'15 Rue Charny, Villeurbanne',45.7550006,4.8911066,'emmanuel.odayer@yahoo.com','password','ODAYER','Emmanuel'),(379,'6 Rue des Pres, Villeurbanne',45.7817454,4.8961602,'remi.hille@free.fr','password','HILLE','Rémi'),(380,'14 Rue Abbe A Firmin, Villeurbanne',45.7847213,4.8985613,'arassitto184@laposte.net','password','RASSITTO','Aurélien'),(381,'8 Rue Eugene Manuel, Villeurbanne',45.771483,4.8692481,'samuel.reusseou@yahoo.com','password','REUSSEOU','Samuel'),(382,'18 Rue Gervais Bussiere, Villeurbanne',45.77425969999999,4.8698093,'guillaume.durhim@hotmail.com','password','DURHIM','Guillaume'),(383,'13 Rue George Sand, Villeurbanne',45.75489169999999,4.8862251,'hugo.ginzilez-zarate@yahoo.com','password','GINZILEZ ZARATE','Hugo'),(384,'19 Rue Louis Becker, Villeurbanne',45.76524,4.8688682,'vfiure@gmail.com','password','FIURE','Vincent'),(385,'17 Allée de la Cote, Villeurbanne',45.7611397,4.897785,'thibault.holgert@outlook.com','password','HOLGERT','Thibault'),(386,'17 Rue Camille Koechlin, Villeurbanne',45.7636974,4.8872412,'aceni6863@gmail.com','password','CENI','Antoine'),(387,'16 Rue Alexandre Boutin, Villeurbanne',45.769898,4.868789899999999,'ocorpinteeri7712@yahoo.com','password','CORPINTEERI','Ousema'),(388,'12 Rue Louis Ducroize, Villeurbanne',45.7590032,4.895113299999999,'apiquomal6380@hotmail.com','password','PIQUOMAL','Arthur'),(389,'11 Petite Rue de la Viabert, Villeurbanne',45.7671397,4.864754,'pmechin8510@gmail.com','password','MECHIN','Pierre-Antoine'),(390,'13 Impasse Henri, Villeurbanne',45.78304809999999,4.8881523,'theo.temborrino@gmail.com','password','TEMBORRINO','Théo'),(391,'11 Rue Mozart, Villeurbanne',45.77515210000001,4.8668841,'tiago.des-santos-olivaira@outlook.com','password','DES SANTOS OLIVAIRA','Tiago'),(392,'16 Rue Monge, Villeurbanne',45.7523357,4.9089505,'jun-ghai.joonnot@hotmail.com','password','JOONNOT','Jun Ghai'),(393,'3 Petite Rue de la Viabert, Villeurbanne',45.7671397,4.864754,'mfoucerd@hotmail.com','password','FOUCERD','Mélodie'),(394,'7 Place du Chanoine Boursier, Villeurbanne',45.7688327,4.878813699999999,'ajambot2611@laposte.net','password','JAMBOT','Adrien'),(395,'3 Rue Colonel Klobb, Villeurbanne',45.7748757,4.8807448,'jnohal6912@gmail.com','password','NOHAL','Jérémy'),(396,'11 Rue Bernard Lecache, Villeurbanne',45.764358,4.911852199999999,'rlogay993@gmail.com','password','LOGAY','Romain'),(397,'6 Rue François Gillet, Villeurbanne',45.7596602,4.872847699999999,'fnoudo1232@gmail.com','password','NOUDO','Florent'),(398,'12 Rue Philippe Verzier, Villeurbanne',45.7740444,4.876079499999999,'alex.bindross@laposte.net','password','BINDROSS','Alex'),(399,'15 Rue Charlie Chaplin, Villeurbanne',45.7744918,4.860790300000001,'thibault.axbroyat@outlook.com','password','AXBROYAT','Thibault'),(400,'12 Rue Viret, Villeurbanne',45.7738583,4.875191699999999,'clement.dalhemme@yahoo.com','password','DALHEMME','Clément'),(401,'4 Rue Henri Legay, Villeurbanne',45.7573195,4.9166648,'agnieszka.diriussen@gmail.com','password','DIRIUSSEN','Agnieszka'),(402,'19 Rue Jean Claude Vivant, Villeurbanne',45.7698166,4.8683906,'nbroynot8442@laposte.net','password','BROYNOT','Nicolas'),(403,'11 Rue Baudelaire, Villeurbanne',45.7628757,4.879625799999999,'alexis.hobert@outlook.com','password','HOBERT','Alexis'),(404,'17 Avenue du Général Leclerc, Villeurbanne',45.7584245,4.8911977,'jsemennot1115@laposte.net','password','SEMENNOT','Jean-Kristian'),(405,'14 Rue de la Serenite, Villeurbanne',45.769909,4.8975834,'lesizavega@hotmail.com','password','ESIZA VEGA','Lionel'),(406,'12 Rue Bourgchanin, Villeurbanne',45.76435379999999,4.902709199999999,'arnaud.selbenne@gmail.com','password','SELBENNE','Arnaud'),(407,'8 Rue Octavie, Villeurbanne',45.781272,4.887366,'jan.hirnoy@laposte.net','password','HIRNOY','Jan'),(408,'2 Rue de la Ligne de l''Est, Villeurbanne',45.7569699,4.9022366,'hdiurille1574@laposte.net','password','DIURILLE','Haoyu'),(409,'15 Rue Pierre Loti, Villeurbanne',45.768522,4.887225,'joris.boronger@hotmail.com','password','BORONGER','Joris'),(410,'9 Rue Son Tay, Villeurbanne',45.7730605,4.865541299999999,'yoann.ranaux@hotmail.com','password','RANAUX','Yoann'),(411,'6 Place du Commandant Rivière, Villeurbanne',45.7763585,4.8618723,'alexis.do-pesquali@free.fr','password','DO PESQUALI','Alexis'),(412,'8 Rue de Lorraine, Villeurbanne',45.76460060000001,4.8704671,'pbroynet9267@outlook.com','password','BROYNET','Pierre-Yves'),(413,'19 Rue du Foyer, Villeurbanne',45.7745875,4.8804235,'slo3502@gmail.com','password','LO','Stéphane'),(414,'1 Rue Geoffray, Villeurbanne',45.77394899999999,4.8806185,'charly.geord@gmail.com','password','GEORD','Charly'),(415,'6 Rue Baudin, Villeurbanne',45.7663378,4.9049561,'teodor.lo@outlook.com','password','LO','Teodor'),(416,'13 Rue Frédéric Passy, Villeurbanne',45.7606139,4.876205,'julien.dis-santos-oleviira@hotmail.com','password','DIS SANTOS OLEVIIRA','Julien'),(417,'17 Allée des Cèdres, Villeurbanne',45.7553043,4.9114109,'romain.key@gmail.com','password','KEY','Romain'),(418,'14 Cours André Philip, Villeurbanne',45.772641,4.8590032,'aropault@yahoo.com','password','ROPAULT','Andres Eugenio'),(419,'6 Impasse Alexandre Dumas, Villeurbanne',45.7759631,4.889253,'kevin.hirnoy@hotmail.com','password','HIRNOY','Kevin'),(420,'8 Rue Paul Lafargue, Villeurbanne',45.768251,4.8834038,'jbasotella9255@outlook.com','password','BASOTELLA','Jérémy'),(421,'7 Rue Anatole France, Villeurbanne',45.7663914,4.8680069,'zlafebvre6355@laposte.net','password','LAFEBVRE','Zakaria'),(422,'10 Rue Florian, Villeurbanne',45.7608892,4.8804949,'xomoyal2894@hotmail.com','password','OMOYAL','Xiao'),(423,'5 Impasse Buyet, Villeurbanne',45.7563256,4.903509199999999,'bbauchouereb6851@gmail.com','password','BAUCHOUEREB','Benoit'),(424,'7 Rue Alexandre Ribot, Villeurbanne',45.7752404,4.894196,'alexandru.bottal@hotmail.com','password','BOTTAL','Alexandru'),(425,'3 Rue Mauvert, Villeurbanne',45.7746566,4.8778087,'gbeuzid4218@outlook.com','password','BEUZID','Gaëtan'),(426,'9 Rue Louis Malle, Villeurbanne',45.7733429,4.860319,'telmufte@laposte.net','password','EL MUFTE','Timothée'),(427,'1 Rue Tranquille, Villeurbanne',45.7847533,4.8973374,'wbirritamateasdantas9178@yahoo.com','password','BIRRITA MATEAS DANTAS','Walaa'),(428,'15 Rue des 2 Frères, Villeurbanne',45.7552582,4.8867017,'efrinchat@yahoo.com','password','FRINCHAT','Erika'),(429,'11 Avenue Auguste Blanqui, Villeurbanne',45.7638744,4.8846266,'htsofacklokeundjo1462@gmail.com','password','TSOFACK LOKEUNDJO','Hanae'),(430,'19 Rue Louise Michel, Villeurbanne',45.7744671,4.895288799999999,'npoei4475@yahoo.com','password','POEI','Nathalie'),(431,'7 Rue des 2 Frères, Villeurbanne',45.7557738,4.886848899999999,'clement.pereore-reis@laposte.net','password','PEREORE-REIS','Clément'),(432,'11 Rue Alfred de Musset, Villeurbanne',45.7570555,4.9157312,'elody.barraza-ponte@laposte.net','password','BARRAZA PONTE','Elody'),(433,'15 Rue Basile, Villeurbanne',45.7792089,4.8826103,'jeremy.dimengues@free.fr','password','DIMENGUES','Jérémy'),(434,'1 Boulevard de la Bataille de Stalingrad, Villeurbanne',45.78416130000001,4.8602893,'voudier3913@free.fr','password','OUDIER','Victor'),(435,'4 Rue Louis Goux, Villeurbanne',45.767062,4.891742199999999,'cmoural5360@gmail.com','password','MOURAL','Christophe'),(436,'2 Rue Victor Hugo, Villeurbanne',45.756739,4.8802185,'thomas.gaudan@laposte.net','password','GAUDAN','Thomas'),(437,'3 Impasse des Soeurs, Villeurbanne',45.780002,4.8895668,'maxime.kon-sun-tick@hotmail.com','password','KON-SUN-TICK','Maxime'),(438,'20 Rue de Venise, Villeurbanne',45.7666317,4.8997522,'khalil.grindos@hotmail.com','password','GRINDOS','Khalil'),(439,'16 Rue Bat Yam, Villeurbanne',45.7731374,4.8644351,'hanae.blim@hotmail.com','password','BLIM','Hanae'),(440,'7 Rue Charles Perrault, Villeurbanne',45.7712157,4.8906047,'rdeuvaor1749@gmail.com','password','DEUVAOR','Romaric'),(441,'6 Rue de la Solidarite, Villeurbanne',45.7550434,4.8889707,'ndubiurg529@free.fr','password','DUBIURG','Nataly'),(442,'18 Impasse Édouard Aynard, Villeurbanne',45.7612192,4.876455,'moulay-mamoun.gosche@yahoo.com','password','GOSCHE','Moulay Mamoun'),(443,'20 Avenue Monin, Villeurbanne',45.78781009999999,4.884017399999999,'alexandra.dreuyor@yahoo.com','password','DREUYOR','Alexandra'),(444,'10 Rue de la Cloche, Villeurbanne',45.78818889999999,4.8855707,'ivollanuovaginzalez@outlook.com','password','VOLLANUOVA GINZALEZ','Imane'),(445,'8 Rue Henri Balay, Villeurbanne',45.7727163,4.888641799999999,'anna-christina.phon@laposte.net','password','PHON','Anna Christina'),(446,'20 Avenue Aristide Briand, Villeurbanne',45.7667742,4.879804,'jlule@yahoo.com','password','LULÉ','Jonathan'),(447,'4 Rue Marteret, Villeurbanne',45.77770719999999,4.8720476,'fminerd5603@hotmail.com','password','MINERD','Florent'),(448,'14 Impasse Édouard Aynard, Villeurbanne',45.7612817,4.876524,'byomamatutanaka6188@gmail.com','password','YOMAMATU TANAKA','Bastien'),(449,'15 Rue de Milan, Villeurbanne',45.7736131,4.8698024,'xavier.guyomerd@gmail.com','password','GUYOMERD','Xavier'),(450,'2 Rue Francis Chirat, Villeurbanne',45.7589676,4.8890313,'vincent.quiiriz@hotmail.com','password','QUIIRIZ','Vincent'),(451,'7 Rue Château Gaillard, Villeurbanne',45.7754798,4.886743699999999,'cpipollia1586@free.fr','password','PIPOLLIA','Charly'),(452,'9 Rue Louis Malle, Villeurbanne',45.7733429,4.860319,'tiago.hodzhov@laposte.net','password','HODZHOV','Tiago'),(453,'10 Rue du Maréchal Foch, Villeurbanne',45.7536863,4.9047502,'sbuissan2812@hotmail.com','password','BUISSAN','Simon'),(454,'11 Rue Michel Servet, Villeurbanne',45.7689379,4.8789764,'ailtar@hotmail.com','password','ILTAR','Anabel'),(455,'6 Rue Raspail, Villeurbanne',45.7732323,4.8800311,'lpeul7768@free.fr','password','PEUL','Laura'),(456,'7 Impasse Édouard Aynard, Villeurbanne',45.7588895,4.874497,'irenee.teumie@outlook.com','password','TEUMIE','Irénée'),(457,'2 Impasse des Bienvenus, Villeurbanne',45.771257,4.8857385,'yohann.axbreyat@free.fr','password','AXBREYAT','Yohann'),(458,'6 Rue Basile, Villeurbanne',45.7792529,4.8827858,'fganzilizobando6203@gmail.com','password','GANZILIZ OBANDO','Florent'),(459,'10 Place des Passementiers, Villeurbanne',45.7694812,4.865776599999999,'pboylo2095@outlook.com','password','BOYLO','Philippe'),(460,'12 Rue de Milan, Villeurbanne',45.7736355,4.869595599999999,'vtirdy2322@gmail.com','password','TIRDY','Vincent'),(461,'2 Rue de la Fraternite, Villeurbanne',45.7546608,4.886722199999999,'echoni-meng-hime4744@hotmail.com','password','CHONI-MENG-HIME','Emmanuel'),(462,'3 Rue Pierre Louis Bernaix, Villeurbanne',45.7607981,4.8968918,'jeremy.daghma@yahoo.com','password','DAGHMA','Jérémy'),(463,'19 Rue Severine, Villeurbanne',45.7543308,4.9134669,'jeuldmohamodenbaba9368@yahoo.com','password','EULD MOHAMODEN BABA','Jose Luis'),(464,'9 Rue de la Prevoyance, Villeurbanne',45.7721108,4.887795,'ricardo-alberto.ceragoulo@hotmail.com','password','CERAGOULO','Ricardo Alberto'),(465,'16 Rue des Acacias, Villeurbanne',45.78186909999999,4.904243,'marc.sterrs@free.fr','password','STERRS','Marc'),(466,'6 Impasse Alexandre Dumas, Villeurbanne',45.7759631,4.889253,'hughotta621@yahoo.com','password','UGHOTTA','Hubert'),(467,'7 Rue de Lorraine, Villeurbanne',45.7643666,4.8708573,'tmitto@yahoo.com','password','MITTO','Thomas'),(468,'12 Impasse Chatigny, Villeurbanne',45.7757016,4.8748068,'yi-quan.jecquanat@free.fr','password','JECQUANAT','Yi Quan'),(469,'17 Rue du Caporal Morange, Villeurbanne',45.7522181,4.9174393,'oigbangbe8930@yahoo.com','password','IGBANGBE','Octavian'),(470,'9 Rue Jean Pierre Bredy, Villeurbanne',45.7821027,4.886065299999999,'loic.baurgan@hotmail.com','password','BAURGAN','Loic'),(471,'17 Rue Jean Baptiste Durand, Villeurbanne',45.75438459999999,4.9040634,'pdiussin6592@yahoo.com','password','DIUSSIN','Pekka'),(472,'17 Impasse des Iris, Villeurbanne',45.7679775,4.8968389,'estelle.gorletz@yahoo.com','password','GÖRLETZ','Estelle'),(473,'14 Allée du Levant, Villeurbanne',45.7595525,4.879447799999999,'guillaume.lingliis@outlook.com','password','LINGLIIS','Guillaume'),(474,'15 Impasse Édouard Aynard, Villeurbanne',45.7585074,4.8751126,'lthelot4913@outlook.com','password','THELOT','Laura'),(475,'14 Rue de la Somme, Villeurbanne',45.7525505,4.9069512,'srillind9619@yahoo.com','password','RILLIND','Sannine'),(476,'14 Rue Charles Montaland, Villeurbanne',45.7638668,4.881340499999999,'ianic.minnauna@free.fr','password','MINNAUNA','Ianic'),(477,'15 Rue du Professeur Calmette, Villeurbanne',45.7729216,4.8972522,'agajonporades8267@yahoo.com','password','GAJON PORADES','Azhar'),(478,'11 Allée des Cèdres, Villeurbanne',45.7558857,4.9111278,'valerie.westoels@free.fr','password','WESTOELS','Valérie'),(479,'5 Boulevard Eugene Reguillon, Villeurbanne',45.75974249999999,4.890861999999999,'tiot-aeudia@yahoo.com','password','IOT-AEUDIA','Théo'),(480,'3 Rue du Luizet, Villeurbanne',45.7836337,4.884513999999999,'rym.mannot@laposte.net','password','MANNOT','Rym'),(481,'14 Rue Lucette Et René Desgrand, Villeurbanne',45.7853869,4.898562699999999,'aliger1112@free.fr','password','LIGER','Adrien'),(482,'2 Cours de la République, Villeurbanne',45.7712963,4.8735247,'gabriela.obadii@outlook.com','password','OBADII','Gabriela'),(483,'15 Rue Eugene Fourniere, Villeurbanne',45.757647,4.887246999999999,'tfaraoni3413@laposte.net','password','FARAONI','Thibaud'),(484,'19 Allée de l''Enfance, Villeurbanne',45.7599787,4.8788807,'guillaume.leu@free.fr','password','LEU','Guillaume'),(485,'4 Rue Mauvert, Villeurbanne',45.7746486,4.8772935,'rfekrot307@yahoo.com','password','FEKROT','Romain'),(486,'3 Rue de la Fraternite, Villeurbanne',45.75478890000001,4.8868162,'manuel.varipinmidely@outlook.com','password','VARIPINMIDELY','Manuel'),(487,'14 Rue Joseph Gillet, Villeurbanne',45.772989,4.8865647,'omar-ariosto.tilbi@outlook.com','password','TILBI','Omar Ariosto'),(488,'17 Rue Anatole France, Villeurbanne',45.7672675,4.8732988,'dkindol6014@yahoo.com','password','KINDOL','Daphne'),(489,'13 Rue Jean Novel, Villeurbanne',45.77195469999999,4.8616113,'ymirgad8656@free.fr','password','MIRGAD','Yann'),(490,'6 Rue de Verdun, Villeurbanne',45.7842898,4.897100399999999,'billy.feugeroy@free.fr','password','FEUGEROY','Billy'),(491,'14 Rue Yvonne, Villeurbanne',45.7758254,4.8763892,'odeuvaar5057@laposte.net','password','DEUVAAR','Oana-Maria'),(492,'9 Rue Delornage, Villeurbanne',45.77032140000001,4.8678838,'vloggoeri8576@hotmail.com','password','LOGGOERI','Victor'),(493,'19 Avenue Aristide Briand, Villeurbanne',45.766811,4.8802555,'mceudirt9710@yahoo.com','password','CEUDIRT','Mathilde'),(494,'6 Place du Chanoine Boursier, Villeurbanne',45.7688198,4.8788231,'lmadeini@outlook.com','password','MADEINI','Loïc'),(495,'7 Avenue Paul Kruger, Villeurbanne',45.7557805,4.8938656,'meriem.laenert@yahoo.com','password','LAENERT','Meriem'),(496,'10 Rue Roger Lenoir, Villeurbanne',45.7689601,4.8889324,'pgilumbeonu8850@laposte.net','password','GILUMBEONU','Philippe'),(497,'3 Rue Wilhelmine, Villeurbanne',45.781973,4.8815718,'rbruminserrot@hotmail.com','password','BRU MINSERROT','Raphaël'),(498,'9 Rue de la Poudrette, Villeurbanne',45.7637168,4.919368899999999,'nicolas.ioncu@laposte.net','password','IONCU','Nicolas'),(499,'18 Rue du 14 Juillet 1789, Villeurbanne',45.7624247,4.8715531,'azhar.mahjaub@free.fr','password','MAHJAUB','Azhar'),(500,'12 Rue Louis Mille, Villeurbanne',45.7665447,4.8849591,'llo@gmail.com','password','LO','Leila'),(501,'18 Rue Chambfort, Villeurbanne',45.7671866,4.9024581,'vincent.plettonan@hotmail.com','password','PLETTONAN','Vincent'),(502,'17 Rue Bat Yam, Villeurbanne',45.7725819,4.864402000000001,'arthur.dusert@gmail.com','password','DUSERT','Arthur'),(503,'16 Rue Alfred de Musset, Villeurbanne',45.7579721,4.9234354,'xistier@outlook.com','password','ISTIER','Xavier'),(504,'6 Rue des Bienvenus, Villeurbanne',45.7779368,4.8834366,'ymeureco8344@gmail.com','password','MEURECO','Yannick'),(505,'10 Rue Raoul Durand, Villeurbanne',45.7668495,4.8850167,'benjamin.tuliup@yahoo.com','password','TULIUP','Benjamin'),(506,'4 Rue de la Prevoyance, Villeurbanne',45.7726463,4.8874511,'raphael.labroet@outlook.com','password','LABROET','Raphael'),(507,'6 Rue Leo Lagrange, Villeurbanne',45.7846135,4.9031899,'mroabroeck@outlook.com','password','ROABROECK','Moez'),(508,'9 Impasse Bayet, Villeurbanne',45.76147,4.898769300000001,'julien.mory@free.fr','password','MORY','Julien'),(509,'6 Rue du Tonkin, Villeurbanne',45.7783828,4.8651091,'csill6978@free.fr','password','SILL','Claire'),(510,'18 Rue d''Inkermann, Villeurbanne',45.7688431,4.8657625,'damien.hiustant@gmail.com','password','HIUSTANT','Damien'),(511,'6 Rue Jules Guesde, Villeurbanne',45.7552893,4.9031707,'guillaume.humbart-labeaumaz@gmail.com','password','HUMBART-LABEAUMAZ','Guillaume'),(512,'2 Rue de l''Égalité, Villeurbanne',45.7642051,4.9043179,'mgarceacardenas@laposte.net','password','GARCEA CARDENAS','Maxime'),(513,'15 Rue Charles Robin, Villeurbanne',45.7645846,4.8978609,'maxime.cropan@hotmail.com','password','CROPAN','Maxime'),(514,'3 Rue Clement Michut, Villeurbanne',45.7683133,4.881715900000001,'guillaume.temberreno@hotmail.com','password','TEMBERRENO','Guillaume'),(515,'5 Rue Roger Lenoir, Villeurbanne',45.7692695,4.8893298,'martin.ean@yahoo.com','password','EAN','Martin'),(516,'13 Rue Valentin Hauy, Villeurbanne',45.7593032,4.8849065,'klipoz@outlook.com','password','LIPOZ','Khalid'),(517,'11 Rue Yvonne, Villeurbanne',45.7768012,4.876526399999999,'ymaustanfii102@yahoo.com','password','MAUSTANFII','Yibin'),(518,'4 Rue Georges Picot, Villeurbanne',45.7757107,4.8968733,'tloger5948@hotmail.com','password','LOGER','Thibaud'),(519,'1 Rue Paul Cambon, Villeurbanne',45.7763802,4.8730305,'fean8923@laposte.net','password','EAN','Fabrice'),(520,'2 Rue Max Linder, Villeurbanne',45.771944,4.8901709,'sbenyeub1064@hotmail.com','password','BENYEUB','Sébastien'),(521,'12 Rue des Acacias, Villeurbanne',45.7813803,4.9046504,'eernault6849@laposte.net','password','ERNAULT','Emmanuel'),(522,'16 Rue Lancon, Villeurbanne',45.77092820000001,4.8930374,'vcucche@gmail.com','password','CUCCHE','Vincent'),(523,'6 Rue Clement Michut, Villeurbanne',45.7681149,4.8815092,'jeroen.rahr@hotmail.com','password','RAHR','Jeroen'),(524,'2 Rue Camille Koechlin, Villeurbanne',45.7619146,4.8876387,'pmauto@outlook.com','password','MAUTO','Paula'),(525,'16 Rue de la Prevoyance, Villeurbanne',45.7718695,4.887337100000001,'jean-francois.racherd@laposte.net','password','RACHERD','Jean-François'),(526,'8 Rue de la Marne, Villeurbanne',45.7535455,4.9057338,'mjacquet9043@hotmail.com','password','JACQUET','Maxime'),(527,'12 Rue du Pont des Planches, Villeurbanne',45.7706499,4.907128,'jsodry5001@yahoo.com','password','SODRY','Julien'),(528,'10 Rue de Venise, Villeurbanne',45.76655340000001,4.8986109,'bastien.goeger@yahoo.com','password','GOEGER','Bastien'),(529,'13 Rue Yvonne Chanu, Villeurbanne',45.7541374,4.908859,'radu.giyel@hotmail.com','password','GIYEL','Radu'),(530,'17 Petite Rue de la Viabert, Villeurbanne',45.7679531,4.8655702,'tpreito@hotmail.com','password','PREITO','Thomas'),(531,'8 Rue John Ford, Villeurbanne',45.77841009999999,4.8613604,'lva8876@outlook.com','password','VA','Loic'),(532,'16 Rue de la Ligne de l''Est, Villeurbanne',45.75785519999999,4.9070059,'philipp.now@yahoo.com','password','NOW','Philipp'),(533,'8 Avenue Antoine de Saint Exupery, Villeurbanne',45.7591323,4.876501699999999,'simon.martenat@yahoo.com','password','MARTENAT','Simon'),(534,'14 Rue Armand, Villeurbanne',45.7785956,4.8852072,'pierre.koller-rochter@outlook.com','password','KOLLER ROCHTER','Pierre'),(535,'1 Impasse Amblard, Villeurbanne',45.7552714,4.8878419,'kyeng217@free.fr','password','YENG','Karen'),(536,'13 Rue du Progres, Villeurbanne',45.7642021,4.8942447,'melmonseuri2274@hotmail.com','password','EL MONSEURI','Mathieu'),(537,'6 Rue de la Ligne de l''Est, Villeurbanne',45.757184,4.903086699999999,'loic.tiexeire-da-cunha-junior@yahoo.com','password','TIEXEIRE DA CUNHA JUNIOR','Loïc'),(538,'20 Rue Joseph Gillet, Villeurbanne',45.772989,4.8865647,'amarean6594@laposte.net','password','MAREAN','Antoine'),(539,'17 Rue de la Baisse, Villeurbanne',45.7625163,4.893838199999999,'pierre-francois.di-souze-almeida@outlook.com','password','DI SOUZE ALMEIDA','Pierre-François'),(540,'4 Rue du Vert Buisson, Villeurbanne',45.7840072,4.9016052,'charlie.sipan@gmail.com','password','SIPAN','Charlie'),(541,'20 Rue Alexandre Dumas, Villeurbanne',45.7764272,4.889952099999999,'szohloke7536@outlook.com','password','ZOHLOKE','Sébastien'),(542,'8 Rue des Bluets, Villeurbanne',45.7812147,4.8966425,'fjoen6987@laposte.net','password','JOEN','Flavie'),(543,'20 Rue du Roulet, Villeurbanne',45.7862538,4.8964016,'jmeosanneuve1356@gmail.com','password','MEOSANNEUVE','Jérémy'),(544,'3 Rue Michel Servet, Villeurbanne',45.7694457,4.8788239,'mdalcestelloigareda2260@outlook.com','password','DAL CESTELLO IGAREDA','Mathieu'),(545,'3 Impasse Bayet, Villeurbanne',45.7615797,4.8986762,'ngromildi7815@gmail.com','password','GROMILDI','Nicolas'),(546,'14 Allée de l''Enfance, Villeurbanne',45.7600443,4.878515200000001,'asanipayan@outlook.com','password','SANIPAYAN','Azhar'),(547,'19 Rue de la Poste, Villeurbanne',45.7574093,4.8879426,'cynthia.paguit-licroix@outlook.com','password','PAGUIT-LICROIX','Cynthia'),(548,'9 Rue Léon Fabre, Villeurbanne',45.7785349,4.8746468,'luc.duffy-ceassird@free.fr','password','DUFFY-CEASSIRD','Luc'),(549,'15 Rue John Ford, Villeurbanne',45.7786223,4.8612955,'tristan.samonnat@outlook.com','password','SAMONNAT','Tristan'),(550,'14 Rue de France, Villeurbanne',45.7672027,4.887360399999999,'rhau@laposte.net','password','HAU','Rémi'),(551,'16 Rue de la Cooperative, Villeurbanne',45.7707833,4.8975287,'kevin.baurjodi@laposte.net','password','BAURJODI','Kevin'),(552,'11 Rue Decomberousse, Villeurbanne',45.7623413,4.9150899,'xdurentan2246@gmail.com','password','DURENTAN','Xiao'),(553,'1 Rue Jean Pierre Bredy, Villeurbanne',45.781574,4.8860702,'bpadrila6269@hotmail.com','password','PADRILA','Benoît'),(554,'17 Rue Victor Basch, Villeurbanne',45.7638452,4.896943900000001,'jklainpeter8163@outlook.com','password','KLAINPETER','Juha'),(555,'8 Rue Marcel Doret, Villeurbanne',45.7545301,4.911816099999999,'remi.holle@gmail.com','password','HOLLE','Rémi'),(556,'7 Avenue Gaston Berger, Villeurbanne',45.784817,4.870140999999999,'njily331@free.fr','password','JILY','Nicolas'),(557,'18 Rue Alexandre Boutin, Villeurbanne',45.7696569,4.8687472,'mbordy9892@yahoo.com','password','BORDY','Monica'),(558,'14 Avenue Ampère, Villeurbanne',45.7647317,4.9159729,'pablo.souabe@outlook.com','password','SOUABE','Pablo'),(559,'8 Rue Denis Papin, Villeurbanne',45.7702931,4.8911066,'lormajobidon1645@gmail.com','password','ORMAJO BIDON','Lionel'),(560,'17 Impasse Richard, Villeurbanne',45.775031,4.8854761,'hanae.aot-euassarah@free.fr','password','AOT EUASSARAH','Hanae'),(561,'11 Rue Louis Teillon, Villeurbanne',45.75075770000001,4.9165372,'cesar.el-moareufo@yahoo.com','password','EL MOAREUFO','César'),(562,'3 Place des Passementiers, Villeurbanne',45.7696048,4.8659766,'vincent.solosse@gmail.com','password','SOLOSSE','Vincent'),(563,'4 Rue Édouard Aynard, Villeurbanne',45.76191780000001,4.8767477,'cedric.phen@laposte.net','password','PHEN','Cédric'),(564,'15 Rue Bonnet, Villeurbanne',45.7762588,4.8693067,'stanislas.rendreamanehisoa@free.fr','password','RENDREAMANEHISOA','Stanislas'),(565,'13 Rue Eugene Fourniere, Villeurbanne',45.7577058,4.8871172,'rmonnit@gmail.com','password','MONNIT','Radu'),(566,'4 Rue Léon Piat, Villeurbanne',45.7741018,4.9031153,'xavier.chatalon@yahoo.com','password','CHATALON','Xavier'),(567,'5 Rue d''Hanoi, Villeurbanne',45.7714983,4.8621154,'esanapayin4259@free.fr','password','SANAPAYIN','Etienne'),(568,'13 Rue Pelisson, Villeurbanne',45.7740382,4.8858616,'florian.ceurlot@hotmail.com','password','CEURLOT','Florian'),(569,'2 Rue des Bluets, Villeurbanne',45.78111089999999,4.896088400000001,'thiebaud.proote@free.fr','password','PROOTE','Thiébaud'),(570,'14 Rue Billon, Villeurbanne',45.7738467,4.8786512,'maxime.wetterwold@hotmail.com','password','WETTERWOLD','Maxime'),(571,'8 Rue Pierre Larousse, Villeurbanne',45.7727788,4.8680951,'heidi.selesse@laposte.net','password','SELESSE','Heidi'),(572,'12 Rue Léon Fabre, Villeurbanne',45.7785156,4.8745974,'yann.biilly@hotmail.com','password','BIILLY','Yann'),(573,'10 Rue du Nord, Villeurbanne',45.76372079999999,4.8816864,'sara.bredu@laposte.net','password','BREDU','Sara'),(574,'18 Rue de la Filature, Villeurbanne',45.7773631,4.879718899999999,'jean-alexandre.du@outlook.com','password','DU','Jean-Alexandre'),(575,'4 Boulevard Niels Bohr, Villeurbanne',45.7867563,4.8793486,'rafael-armando.aunen@gmail.com','password','AUNEN','Rafael Armando'),(576,'5 Rue du Caporal Morange, Villeurbanne',45.7523062,4.9157968,'prisca.jicqualan@outlook.com','password','JICQUALAN','Prisca'),(577,'11 Impasse des Glycines, Villeurbanne',45.7649822,4.8943949,'guillaume.cemets@gmail.com','password','CEMETS','Guillaume'),(578,'18 Rue Charles Gounod, Villeurbanne',45.7747438,4.8819618,'quentin.miraru@gmail.com','password','MIRARU','Quentin'),(579,'7 Rue Pierre Cacard, Villeurbanne',45.7662685,4.8930867,'yannick.tron@hotmail.com','password','TRON','Yannick'),(580,'2 Rue de la Cloche, Villeurbanne',45.787964,4.8855929,'ccesallaslion4841@outlook.com','password','CESALLAS LION','Cyrille'),(581,'4 Impasse Henri, Villeurbanne',45.7834299,4.8880521,'fabio.nizey@free.fr','password','NIZEY','Fabio'),(582,'11 Rue Edison, Villeurbanne',45.7552447,4.9185016,'edoraussen@yahoo.com','password','DORAUSSEN','Eric'),(583,'5 Rue du Capitaine Ferber, Villeurbanne',45.7885964,4.8839103,'noora.ciefford@gmail.com','password','CIEFFORD','Noora'),(584,'5 Rue du Docteur Rollet, Villeurbanne',45.7681674,4.8845645,'amine.guallou@laposte.net','password','GUALLOU','Amine'),(585,'7 Rue Alexandre Ribot, Villeurbanne',45.7752404,4.894196,'nbouchicot2412@gmail.com','password','BOUCHICOT','Nataly'),(586,'16 Boulevard de la Bataille de Stalingrad, Villeurbanne',45.7832353,4.8600067,'tsentoagimoura1312@free.fr','password','SENTOAGI MOURA','Tomas'),(587,'17 Rue Marie Antoinette, Villeurbanne',45.783129,4.8872008,'jean-alexandre.souzit@free.fr','password','SOUZIT','Jean-Alexandre'),(588,'17 Rue Branly, Villeurbanne',45.7691697,4.881429199999999,'ibeuzir3139@hotmail.com','password','BEUZIR','Ida'),(589,'5 Impasse Comby, Villeurbanne',45.7731181,4.8860921,'jdinedaogalvis9145@laposte.net','password','DINEDAO GALVIS','Juliette'),(590,'10 Allée des Enfants, Villeurbanne',45.7704513,4.8977042,'clement.pahijac@yahoo.com','password','PAHIJAC','Clément'),(591,'20 Rue Paul Gojon, Villeurbanne',45.7711536,4.9003443,'felix.veladoer@yahoo.com','password','VELADOER','Felix'),(592,'18 Rue Pierre Cacard, Villeurbanne',45.7659309,4.8929586,'bpegnit5541@outlook.com','password','PEGNIT','Baptiste'),(593,'9 Boulevard Niels Bohr, Villeurbanne',45.7852089,4.8723432,'damien.loceontre@yahoo.com','password','LOCEONTRE','Damien'),(594,'2 Allée du Parc du Centre, Villeurbanne',45.7732531,4.8796651,'lgeochon9813@yahoo.com','password','GEOCHON','Loïc'),(595,'14 Impasse Amblard, Villeurbanne',45.7543634,4.8878872,'fdein3598@hotmail.com','password','DEIN','Florent'),(596,'17 Avenue Monin, Villeurbanne',45.7878432,4.8826892,'ftrzisnoewski118@free.fr','password','TRZISNOEWSKI','Fabrice'),(597,'7 Avenue Roger Salengro, Villeurbanne',45.7746357,4.8685541,'cmugano4860@free.fr','password','MUGANO','Céline'),(598,'14 Rue François Mole, Villeurbanne',45.7691725,4.9005902,'christophe.chavolaer@outlook.com','password','CHAVOLAER','Christophe'),(599,'13 Rue Greuze, Villeurbanne',45.7730699,4.8938033,'gimar4581@hotmail.com','password','IMAR','Grégory'),(600,'11 Rue Docteur Frappaz, Villeurbanne',45.76029150000001,4.8911973,'mohamed.schiffet@gmail.com','password','SCHIFFET','Mohamed'),(601,'7 Rue des Barottieres, Villeurbanne',45.7762805,4.896622499999999,'omar.roco-rega@yahoo.com','password','ROCO REGA','Omar'),(602,'10 Rue Anatole France, Villeurbanne',45.7666194,4.8693747,'rseynac@free.fr','password','SEYNAC','Romain'),(603,'6 Rue de la Liberté, Villeurbanne',45.7647703,4.9018175,'yifei.biutalab@yahoo.com','password','BIUTALAB','Yifei'),(604,'15 Rue Baudin, Villeurbanne',45.765687,4.905157,'hanae.meallat@laposte.net','password','MEALLAT','Hanae'),(605,'4 Rue Gérard Maire, Villeurbanne',45.7702527,4.8883887,'naby-daouda.dument@gmail.com','password','DUMENT','Naby Daouda'),(606,'16 Impasse des Moineaux, Villeurbanne',45.7823334,4.897740799999999,'ghislaine.schoffat@yahoo.com','password','SCHOFFAT','Ghislaine'),(607,'2 Rue Frédéric Fays, Villeurbanne',45.7647369,4.9026643,'lieven.gorcia-garcia@hotmail.com','password','GORCIA GARCIA','Lieven'),(608,'4 Rue Alfred Brinon, Villeurbanne',45.7760979,4.8930669,'jlibrun2474@hotmail.com','password','LIBRUN','Jérôme'),(609,'2 Rue Berthelot, Villeurbanne',45.7599697,4.8968473,'bhalesbeux@hotmail.com','password','HALESBEUX','Benoit'),(610,'1 Allée des Enfants, Villeurbanne',45.7703834,4.8964332,'ageroldoiscobar@hotmail.com','password','GEROLDO ISCOBAR','Antoine'),(611,'8 Impasse Édouard Aynard, Villeurbanne',45.7615543,4.8765282,'bgosparneguiera9420@free.fr','password','GOSPAR NEGUIERA','Brice'),(612,'20 Rue Pierre Voyant, Villeurbanne',45.7729291,4.8982629,'michael.jenssan@yahoo.com','password','JENSSAN','Michaël'),(613,'16 Rue de l''Amitie, Villeurbanne',45.75491,4.890181,'julien.thirme@outlook.com','password','THIRME','Julien'),(614,'6 Rue Joseph Gillet, Villeurbanne',45.7731963,4.8869812,'thomas.deng@hotmail.com','password','DENG','Thomas'),(615,'16 Impasse Henri, Villeurbanne',45.782517,4.8884149,'bmuntiinu1856@yahoo.com','password','MUNTIINU','Benoît'),(616,'10 Avenue du Commandant l''Herminier, Villeurbanne',45.7699618,4.884776899999999,'yang.caa@gmail.com','password','CAA','Yang'),(617,'12 Rue du Luizet, Villeurbanne',45.7831606,4.884695499999999,'maximilian.mirtons@gmail.com','password','MIRTONS','Maximilian'),(618,'1 Rue Pierre Bressat, Villeurbanne',45.7540397,4.9045008,'nfelny@free.fr','password','FELNY','Naby Daouda'),(619,'4 Avenue Marcel Cerdan, Villeurbanne',45.7666344,4.9028674,'pierre-yves.ban-rehma@free.fr','password','BAN REHMA','Pierre-Yves'),(620,'13 Rue du Maréchal Foch, Villeurbanne',45.7534712,4.905323999999999,'adrien.laze@free.fr','password','LAZE','Adrien'),(621,'17 Rue de la Fraternite, Villeurbanne',45.75427879999999,4.8868505,'mbargheni3791@gmail.com','password','BARGHENI','Matthieu'),(622,'15 Avenue Roberto Rossellini, Villeurbanne',45.77669119999999,4.8625402,'lilmoareufo7778@outlook.com','password','IL MOAREUFO','Lyes'),(623,'15 Place Marengo, Villeurbanne',45.7597746,4.8756236,'vgaby3075@free.fr','password','GABY','Vlad'),(624,'17 Place Jules Grandclement, Villeurbanne',45.758755,4.8861148,'tbirton2832@free.fr','password','BIRTON','Tanguy'),(625,'12 Rue Magenta, Villeurbanne',45.7699502,4.8707239,'amarrakcha8777@laposte.net','password','MARRAKCHA','Andréi'),(626,'18 Impasse Amblard, Villeurbanne',45.7542467,4.887989,'florian.dudiuit@laposte.net','password','DUDIUIT','Florian'),(627,'6 Rue Bonnet, Villeurbanne',45.7778868,4.869822699999999,'vincent.mory-de-mintigny@free.fr','password','MORY DE MINTIGNY','Vincent'),(628,'14 Rue Lakanal, Villeurbanne',45.7741753,4.8666861,'ion.taureino@hotmail.com','password','TAUREINO','Ion'),(629,'11 Rue Delornage, Villeurbanne',45.77032140000001,4.8678838,'stephane.duffy-ciassird@gmail.com','password','DUFFY-CIASSIRD','Stéphane'),(630,'8 Rue des Acacias, Villeurbanne',45.7810925,4.9046789,'ghali.ordem@hotmail.com','password','ORDEM','Ghali'),(631,'2 Rue de Pierrefrite, Villeurbanne',45.7662693,4.9106524,'sebastien.mpambo-bini@outlook.com','password','MPAMBO BINI','Sébastien'),(632,'15 Rue Bouchet, Villeurbanne',45.7437756,4.955243299999999,'ydian4545@gmail.com','password','DIAN','Yoann'),(633,'4 Rue Jean Zuber, Villeurbanne',45.7754939,4.8970942,'wwastphil9145@gmail.com','password','WASTPHIL','Wissal'),(634,'2 Rue Decomberousse, Villeurbanne',45.7607155,4.9200883,'cedric.grondas@outlook.com','password','GRONDAS','Cédric'),(635,'5 Allée Henri Georges Clouzot, Villeurbanne',45.7759969,4.861293799999999,'yaelle.obadii@hotmail.com','password','OBADII','Yaelle'),(636,'1 Avenue Monin, Villeurbanne',45.7878403,4.883126499999999,'vincent.bonbeuzid@hotmail.com','password','BONBEUZID','Vincent'),(637,'14 Impasse Bourgchanin, Villeurbanne',45.7644178,4.9029298,'gmiganamara@yahoo.com','password','MIGANA MARA','Guillaume'),(638,'7 Avenue Roger Salengro, Villeurbanne',45.7746357,4.8685541,'fabio.chin@outlook.com','password','CHIN','Fabio'),(639,'5 Avenue Antoine Dutrievoz, Villeurbanne',45.7716921,4.8619717,'bpiyrird@hotmail.com','password','PIYRIRD','Billy'),(640,'9 Rue François Gillet, Villeurbanne',45.7596353,4.873494099999999,'flavien.lou@yahoo.com','password','LOU','Flavien'),(641,'14 Rue Lakanal, Villeurbanne',45.7741753,4.8666861,'vincent.zheu@outlook.com','password','ZHEU','Vincent'),(642,'11 Rue Antoine Primat, Villeurbanne',45.7581821,4.892013299999999,'sbassay210@gmail.com','password','BASSAY','Samarth'),(643,'19 Rue Rouget de Lisle, Villeurbanne',45.7885759,4.8839071,'adrien.queerez@outlook.com','password','QUEEREZ','Adrien'),(644,'10 Rue de Venise, Villeurbanne',45.76655340000001,4.8986109,'cdolitirrediaz@yahoo.com','password','DO LI TIRRE DIAZ','Charles'),(645,'20 Cours Docteur Jean Damidot, Villeurbanne',45.76185419999999,4.8855998,'dounia.bougaerd@gmail.com','password','BOUGAERD','Dounia'),(646,'8 Rue Baudelaire, Villeurbanne',45.76371,4.8792142,'pilelj6599@hotmail.com','password','ILELJ','Prisca'),(647,'1 Rue des Antonins, Villeurbanne',45.7824399,4.8787049,'cristian.loger@laposte.net','password','LOGER','Cristian'),(648,'16 Rue Douaumont, Villeurbanne',45.7811574,4.899457099999999,'loic.cheiuo@gmail.com','password','CHEIUO','Loïc'),(649,'10 Rue de la Ligne de l''Est, Villeurbanne',45.7572912,4.903567199999999,'yvan.bennot@outlook.com','password','BENNOT','Yvan'),(650,'9 Rue du Capitaine Ferber, Villeurbanne',45.7883102,4.8838338,'oscar.bennet@free.fr','password','BENNET','Oscar'),(651,'4 Avenue Roger Salengro, Villeurbanne',45.7744008,4.8684933,'anja.le@free.fr','password','LE','Anja'),(652,'18 Rue Henri Rolland, Villeurbanne',45.770832,4.8630875,'yannick.monen@laposte.net','password','MONEN','Yannick'),(653,'16 Rue Louis Bocquet, Villeurbanne',45.7565507,4.9031737,'solmiaroufo3865@hotmail.com','password','OL MIAROUFO','Stéphane'),(654,'16 Rue Pierre Voyant, Villeurbanne',45.7730785,4.8983696,'pogbangbe@outlook.com','password','OGBANGBE','Pierre'),(655,'16 Rue Frédéric Passy, Villeurbanne',45.7601768,4.8774273,'jliurot@hotmail.com','password','LIUROT','Juan Diego'),(656,'6 Place des Maisons Neuves, Villeurbanne',45.7563627,4.8782466,'vginkon@hotmail.com','password','GINKON','Vincent'),(657,'20 Rue de Turin, Villeurbanne',45.7742693,4.8988301,'nor.ginzaloz-castelo@gmail.com','password','GINZALOZ CASTELO','Nor'),(658,'3 Rue de l''Égalité, Villeurbanne',45.7642353,4.904330900000001,'jeremy.cumon@laposte.net','password','CUMON','Jérémy'),(659,'18 Avenue Roger Salengro, Villeurbanne',45.7753905,4.8700144,'alexandru.maguit@hotmail.com','password','MAGUIT','Alexandru'),(660,'1 Boulevard du 11 Novembre 1918, Villeurbanne',45.7794784,4.8601621,'nsmijkil1775@free.fr','password','SMIJKIL','Nicolas'),(661,'1 Rue Marguerite, Villeurbanne',45.7779982,4.870417199999999,'david.pruppor@gmail.com','password','PRÜPPOR','David'),(662,'20 Rue de Mulhouse, Villeurbanne',45.77328139999999,4.8973866,'arnaud.blacho@yahoo.com','password','BLACHO','Arnaud'),(663,'6 Rue Louis Mille, Villeurbanne',45.7665447,4.8849591,'kevin.das-sintos-olaveira@hotmail.com','password','DAS SINTOS OLAVEIRA','Kevin'),(664,'11 Rue de l''Epi de Ble, Villeurbanne',45.7776916,4.902889,'philipp.do-verdelhon-des-malles@gmail.com','password','DO VERDELHON DES MALLES','Philipp'),(665,'8 Rue Prisca, Villeurbanne',45.7799877,4.882032,'gchamben704@free.fr','password','CHAMBEN','Ghizlane'),(666,'18 Rue de la Doua, Villeurbanne',45.7781538,4.8733451,'zakaria.mieta@laposte.net','password','MIETA','Zakaria'),(667,'14 Rue Gabriel Peri, Villeurbanne',45.7714368,4.8646988,'rriverdy@yahoo.com','password','RIVERDY','Romaric'),(668,'15 Rue Charles Gounod, Villeurbanne',45.7747492,4.8819985,'eblaquiore6892@laposte.net','password','BLAQUIORE','Etienne'),(669,'13 Rue Jean Bertin, Villeurbanne',45.76034139999999,4.919617199999999,'adrian-alejandro.huong@yahoo.com','password','HUONG','Adrian Alejandro'),(670,'11 Rue de la Cloche, Villeurbanne',45.788245,4.8855644,'gregory.bongaetxeo-oriondo@gmail.com','password','BONGAETXEO ORIONDO','Grégory'),(671,'18 Avenue du Général Leclerc, Villeurbanne',45.7577255,4.890674,'omichabert@free.fr','password','MICHABERT','Othman'),(672,'13 Rue de la Prairie, Villeurbanne',45.7830448,4.899947,'lle7900@outlook.com','password','LE','Lucas'),(673,'18 Rue Marcel Doret, Villeurbanne',45.7537983,4.9122612,'stanislaw.sedry@free.fr','password','SEDRY','Stanislaw'),(674,'8 Rue Guillotte, Villeurbanne',45.75721310000001,4.8919609,'biguelfirrer1486@gmail.com','password','IGUEL FIRRER','Berrenur'),(675,'10 Rue de la Sainte Famille, Villeurbanne',45.7807366,4.8876746,'askarbek.untirberger@gmail.com','password','UNTIRBERGER','Askarbek'),(676,'19 Rue Charlie Chaplin, Villeurbanne',45.7744918,4.860790300000001,'etaurnaar2340@free.fr','password','TAURNAAR','Etienne'),(677,'18 Rue de la Marne, Villeurbanne',45.7528275,4.905852299999999,'malin-johanna.kocok@laposte.net','password','KOÇOK','Malin Johanna'),(678,'9 Rue Mansard, Villeurbanne',45.76899969999999,4.8727277,'archit.outribon@outlook.com','password','OUTRIBON','Archit'),(679,'2 Rue Octavie, Villeurbanne',45.78169330000001,4.8874584,'liisa-maria.ceransac@laposte.net','password','CERANSAC','Liisa Maria'),(680,'2 Rue Louis Becker, Villeurbanne',45.7652138,4.868869,'jordan.ol-mnebhe@yahoo.com','password','OL MNEBHE','Jordan'),(681,'11 Impasse Richard, Villeurbanne',45.7751295,4.885625800000001,'lourdes.biurgaois@hotmail.com','password','BIURGAOIS','Lourdes'),(682,'6 Rue Louis Maynard, Villeurbanne',45.786312,4.8995466,'eva.chona-meng-hame@gmail.com','password','CHONA-MENG-HAME','Eva'),(683,'13 Rue de la Prevoyance, Villeurbanne',45.7719442,4.8878273,'camille.l''haneff@laposte.net','password','L''HANEFF','Camille'),(684,'9 Rue de Mulhouse, Villeurbanne',45.7736117,4.895815199999999,'quentin.calara-cortes@yahoo.com','password','CALARA CORTES','Quentin'),(685,'8 Rue Cyprian, Villeurbanne',45.7595473,4.9010501,'tbouchot9432@hotmail.com','password','BOUCHOT','Thai Hoang'),(686,'20 Rue Georges Courteline, Villeurbanne',45.7781967,4.8775736,'cyrille.besitella@outlook.com','password','BESITELLA','Cyrille'),(687,'12 Rue Francis Chirat, Villeurbanne',45.7584368,4.8890992,'aildh2923@yahoo.com','password','ILDH','Ali'),(688,'18 Rue Valentin Hauy, Villeurbanne',45.759062,4.883238299999999,'cedric.saarfeck@yahoo.com','password','SAARFECK','Cédric'),(689,'9 Rue Jean Baptiste Durand, Villeurbanne',45.7546508,4.90426,'thibaud.egior@yahoo.com','password','EGIOR','Thibaud'),(690,'9 Rue Paul Pechoux, Villeurbanne',45.7549505,4.8769902,'cbuissan@gmail.com','password','BUISSAN','Chahinez'),(691,'12 Rue de Pierrefrite, Villeurbanne',45.7662693,4.9106524,'corentin.ruttnir@gmail.com','password','RUTTNIR','Corentin'),(692,'2 Rue de la Jeunesse, Villeurbanne',45.774069,4.897245,'xavier.siulord@laposte.net','password','SIULORD','Xavier'),(693,'9 Rue Paul Cambon, Villeurbanne',45.7758082,4.8731661,'ymorton6384@yahoo.com','password','MORTON','Yann'),(694,'7 Rue Baudin, Villeurbanne',45.7656656,4.906079,'erediare@free.fr','password','REDIARE','Ericka'),(695,'18 Rue Mimi Pinson, Villeurbanne',45.7854447,4.900450699999999,'etudasa5107@laposte.net','password','TUDASA','Elodie'),(696,'13 Rue Christian de Wett, Villeurbanne',45.7534052,4.8967065,'giuseppe.borry@yahoo.com','password','BORRY','Giuseppe'),(697,'17 Rue Deauville, Villeurbanne',45.7728081,4.8999573,'nicolas.lehsoni@laposte.net','password','LEHSONI','Nicolas'),(698,'2 Impasse du Boucheret, Villeurbanne',45.7675089,4.895662,'ppruppar@gmail.com','password','PRÜPPAR','Paulo'),(699,'13 Rue de l''Égalité, Villeurbanne',45.7642353,4.904330900000001,'myong3924@free.fr','password','YONG','Michaël'),(700,'15 Rue Pierre Louis Bernaix, Villeurbanne',45.7601114,4.896868400000001,'saad.mortonoz-hernandez@hotmail.com','password','MORTONOZ HERNANDEZ','Saâd'),(701,'3 Rue Bonnet, Villeurbanne',45.7784005,4.8700129,'caroline.lobat@gmail.com','password','LOBAT','Caroline'),(702,'15 Rue Baudin, Villeurbanne',45.765687,4.905157,'afirnio6333@yahoo.com','password','FIRNIO','Alberto'),(703,'17 Boulevard Eugene Reguillon, Villeurbanne',45.760502,4.893080299999999,'smiyffret4749@yahoo.com','password','MIYFFRET','Sébastien'),(704,'7 Avenue Monin, Villeurbanne',45.7878403,4.883126499999999,'helena.maroin@outlook.com','password','MAROIN','Helena'),(705,'9 Rue Jules Guesde, Villeurbanne',45.7556022,4.903260899999999,'shosnas@free.fr','password','HOSNAS','Sylvain'),(706,'18 Rue Francis de Pressense, Villeurbanne',45.7722746,4.8680852,'jdubaurg@outlook.com','password','DUBAURG','Jeroen'),(707,'15 Rue du Professeur Émile Bouvier, Villeurbanne',45.7790588,4.8888934,'tiot-aoudia@free.fr','password','IOT-AOUDIA','Thanh'),(708,'1 Rue François Gillet, Villeurbanne',45.7596338,4.8727605,'scottan5588@laposte.net','password','COTTAN','Stefano'),(709,'11 Rue Général Dayan, Villeurbanne',45.7733225,4.861078,'cmeralosjimenez998@outlook.com','password','MERALOS JIMENEZ','Cédric'),(710,'5 Rue Poizat, Villeurbanne',45.7596354,4.8930896,'nicolas.augenoa-fernandez@gmail.com','password','AUGENOA FERNANDEZ','Nicolas'),(711,'8 Rue Mauvert, Villeurbanne',45.7744174,4.8772907,'ibindriss4245@gmail.com','password','BINDRISS','Imane'),(712,'16 Impasse des Tilleuls, Villeurbanne',45.7803783,4.8798379,'wael.gaager@yahoo.com','password','GAAGER','Wael'),(713,'8 Rue Jean Zuber, Villeurbanne',45.7754387,4.8976316,'taparocii9763@laposte.net','password','APAROCII','Timothée'),(714,'16 Place des Allobroges, Villeurbanne',45.771944,4.8901709,'dmossena8702@outlook.com','password','MOSSENA','Damien'),(715,'14 Place des Allobroges, Villeurbanne',45.771944,4.8901709,'guillaume.da-bellobre@hotmail.com','password','DA BELLOBRE','Guillaume'),(716,'11 Rue du Docteur Rollet, Villeurbanne',45.7679084,4.8845504,'phlevacik@laposte.net','password','HLEVACIK','Paul'),(717,'10 Rue Marcel Dutartre, Villeurbanne',45.7795438,4.876341399999999,'vincent.jiinnat@yahoo.com','password','JIINNAT','Vincent'),(718,'4 Rue Marcel Dutartre, Villeurbanne',45.7796082,4.8758912,'ebaurjada1268@gmail.com','password','BAURJADA','Emilie'),(719,'18 Avenue Roberto Rossellini, Villeurbanne',45.7766896,4.862425099999999,'drarhaye6070@outlook.com','password','RARHAYE','Damien'),(720,'20 Rue de la Cloche, Villeurbanne',45.7883573,4.8855518,'rperaschov5759@free.fr','password','PERASCHOV','Raluca'),(721,'19 Place Albert Thomas, Villeurbanne',45.7918734,4.840538,'aurelien.ilshanbayev@yahoo.com','password','ILSHANBAYEV','Aurélien'),(722,'19 Rue Eugene Pottier, Villeurbanne',45.7854691,4.8969625,'oniyrot562@yahoo.com','password','NIYROT','Olivier'),(723,'7 Cours Docteur Jean Damidot, Villeurbanne',45.761968,4.8828546,'pbloqueere@free.fr','password','BLOQUEERE','Pauline'),(724,'11 Rue Bellecombe, Villeurbanne',45.76965070000001,4.8634208,'bgrinet267@hotmail.com','password','GRINET','Beatriz Esmeralda'),(725,'4 Rue Charlie Chaplin, Villeurbanne',45.7742499,4.860652,'qmachabart@laposte.net','password','MACHABART','Quentin'),(726,'1 Avenue Condorcet, Villeurbanne',45.7784134,4.8668819,'olivia.gutaarrez-artege@outlook.com','password','GUTAARREZ ARTEGE','Olivia'),(727,'13 Place des Maisons Neuves, Villeurbanne',45.75665679999999,4.8770092,'fabrice.cazarla@outlook.com','password','CAZARLA','Fabrice'),(728,'20 Impasse Baconnier, Villeurbanne',45.7513795,4.9108902,'sciquot@hotmail.com','password','CIQUOT','Sergiu'),(729,'10 Impasse Million, Villeurbanne',45.7679705,4.8948659,'sloberre4669@gmail.com','password','LO BERRE','Souad'),(730,'2 Rue Greuze, Villeurbanne',45.7737574,4.8937281,'robert.fitao-minio@yahoo.com','password','FITAO MINIO','Robert'),(731,'3 Rue Viret, Villeurbanne',45.77439400000001,4.8756503,'theo.hirnoy@outlook.com','password','HIRNOY','Théo'),(732,'1 Rue Léon Blum, Villeurbanne',45.7595589,4.8913003,'edouard.beavin@free.fr','password','BEAVIN','Edouard'),(733,'13 Rue Lancon, Villeurbanne',45.77125290000001,4.892438200000001,'jgirtu@laposte.net','password','GIRTU','Julien'),(734,'4 Rue Marguerite, Villeurbanne',45.7780464,4.8686235,'leonardo.gouden@yahoo.com','password','GOUDEN','Leonardo'),(735,'2 Place Jules Grandclement, Villeurbanne',45.7593712,4.8909116,'jean-etienne.liveugle@hotmail.com','password','LIVEUGLE','Jean-Etienne'),(736,'13 Rue René Prolongee, Villeurbanne',45.7788254,4.894557,'alexis.baccennair@laposte.net','password','BACCENNAIR','Alexis'),(737,'1 Avenue de Bel Air, Villeurbanne',45.7570538,4.911662,'adnane.jib@free.fr','password','JIB','Adnane'),(738,'3 Rue des Muriers, Villeurbanne',45.7625704,4.8809985,'ealmansoure5701@hotmail.com','password','AL MANSOURE','Estelle'),(739,'10 Impasse des Moineaux, Villeurbanne',45.7823334,4.897740799999999,'jean-francois.trevina@outlook.com','password','TREVINA','Jean-François'),(740,'13 Rue des Antonins, Villeurbanne',45.7814407,4.8787391,'oana-maria.vollenueva-ganzalez@laposte.net','password','VOLLENUEVA GANZALEZ','Oana-Maria'),(741,'20 Rue Louis Mille, Villeurbanne',45.7665267,4.8844309,'simon.follmann@outlook.com','password','FOLLMANN','Simon'),(742,'19 Impasse Chatigny, Villeurbanne',45.7757021,4.8748444,'gedroan@free.fr','password','EDROAN','Guillaume'),(743,'6 Cours Tolstoi, Villeurbanne',45.7635516,4.8705514,'cebid4124@laposte.net','password','EBID','Corentin'),(744,'4 Rue Gérard Maire, Villeurbanne',45.7702527,4.8883887,'yi-ming.raesgi-ferreiro@hotmail.com','password','RAESGI FERREIRO','Yi Ming'),(745,'17 Impasse Pellet, Villeurbanne',45.7645443,4.8957803,'jle@hotmail.com','password','LE','Julien'),(746,'15 Avenue Marc Sangnier, Villeurbanne',45.76211350000001,4.8740144,'twistphal@yahoo.com','password','WISTPHAL','Thibaud'),(747,'18 Rue de Bel Air, Villeurbanne',45.7569015,4.911504799999999,'rlitt6371@hotmail.com','password','LITT','Raphaël'),(748,'9 Rue du Luxembourg, Villeurbanne',45.7500109,4.9146322,'arthur.dessinvilli@gmail.com','password','DESSINVILLI','Arthur'),(749,'8 Rue Frédéric Fays, Villeurbanne',45.7644673,4.9030659,'cfaulquiir5091@yahoo.com','password','FAULQUIIR','Chao'),(750,'16 Rue Marcel Dutartre, Villeurbanne',45.7795776,4.876955,'asomennet@laposte.net','password','SOMENNET','Agnieszka'),(751,'19 Impasse des Tilleuls, Villeurbanne',45.7796829,4.8803449,'brosendemotteali5562@laposte.net','password','ROSENDE MOTTEALI','Benjamin'),(752,'7 Avenue Marcel Cerdan, Villeurbanne',45.7669097,4.9046813,'julien.ol-miuihodine@hotmail.com','password','OL MIUIHODINE','Julien'),(753,'14 Rue Rhonat, Villeurbanne',45.75559029999999,4.8781077,'fravil@laposte.net','password','RAVIL','Franco Josué'),(754,'1 Rue de la Solidarite, Villeurbanne',45.7551461,4.8896976,'faycal.buch@yahoo.com','password','BUCH','Faycal'),(755,'13 Rue du Maréchal Foch, Villeurbanne',45.7534712,4.905323999999999,'sberbit@yahoo.com','password','BERBIT','Sara'),(756,'18 Rue de Milan, Villeurbanne',45.7736355,4.869595599999999,'yoann.thounay@outlook.com','password','THOUNAY','Yoann'),(757,'19 Rue Camille Koechlin, Villeurbanne',45.7637966,4.8872363,'chongguang.seumeallin@hotmail.com','password','SEUMEALLIN','Chongguang'),(758,'7 Rue Clos Poncet, Villeurbanne',45.76271690000001,4.8751602,'jbanniffi-moity@gmail.com','password','BANNIFFI-MOITY','Julien'),(759,'12 Boulevard du 11 Novembre 1918, Villeurbanne',45.7792148,4.8610239,'yvan.nofkha@outlook.com','password','NOFKHA','Yvan'),(760,'3 Rue Bonneterre, Villeurbanne',45.761284,4.885556999999999,'fcimpourcy8823@gmail.com','password','CIMPOURCY','Faycal'),(761,'9 Rue Paul Pechoux, Villeurbanne',45.7549505,4.8769902,'pascal.cirie@free.fr','password','CIRIE','Pascal'),(762,'4 Avenue Marcel Cerdan, Villeurbanne',45.7666344,4.9028674,'edouard.lott@laposte.net','password','LOTT','Édouard'),(763,'2 Rue Gustave Chamboeuf, Villeurbanne',45.7698945,4.899360499999999,'jsonchoz@outlook.com','password','SONCHOZ','Julien'),(764,'13 Rue du Maréchal Foch, Villeurbanne',45.7534712,4.905323999999999,'acanquelaan@hotmail.com','password','CANQUELAAN','Arnaud'),(765,'9 Allée des Enfants, Villeurbanne',45.7704593,4.8969571,'slovy6465@yahoo.com','password','LOVY','Samuel'),(766,'16 Rue Geoffray, Villeurbanne',45.7739991,4.882344499999999,'charline.iutrobon@hotmail.com','password','IUTROBON','Charline'),(767,'10 Rue des Lauriers, Villeurbanne',45.7538449,4.902953,'hzeki2508@free.fr','password','ZEKI','Haykel'),(768,'17 Rue Lancon, Villeurbanne',45.7712694,4.8927245,'libadia8131@yahoo.com','password','IBADIA','Loïc'),(769,'17 Avenue Condorcet, Villeurbanne',45.7770959,4.867813,'marc.acillo@hotmail.com','password','ACILLO','Marc'),(770,'1 Rue Jean Baptiste Clement, Villeurbanne',45.7820865,4.880080100000001,'sberalla2942@laposte.net','password','BERALLA','Stéphane'),(771,'18 Rue Bouchet, Villeurbanne',45.7443238,4.9229803,'qyipdeeu3946@hotmail.com','password','YIPDEEU','Quentin'),(772,'10 Rue Faillebin, Villeurbanne',45.76453790000001,4.8948493,'krimegnino@hotmail.com','password','RIMEGNINO','Khalil'),(773,'10 Rue Branly, Villeurbanne',45.7711039,4.881594199999999,'ptuliup5329@hotmail.com','password','TULIUP','Pierre-François'),(774,'8 Rue Burais, Villeurbanne',45.7585917,4.891869499999999,'michael.nehel@yahoo.com','password','NEHEL','Michaël'),(775,'18 Rue de la Cooperative, Villeurbanne',45.7708228,4.897996,'cgabilda2970@gmail.com','password','GABILDA','Criti'),(776,'5 Rue Branly, Villeurbanne',45.77068690000001,4.8816638,'eclochar@laposte.net','password','CLOCHAR','Eléonore'),(777,'20 Rue de la Solidarite, Villeurbanne',45.7541904,4.8892714,'msvorivsky@hotmail.com','password','SVORIVSKY','Moncef'),(778,'2 Rue Louis Malle, Villeurbanne',45.7733429,4.860319,'sebaenou@outlook.com','password','EBAENOU','Sylvain'),(779,'11 Rue de la Doua, Villeurbanne',45.7767208,4.874160199999999,'souad.tchoumokova@gmail.com','password','TCHOUMOKOVA','Souad'),(780,'5 Rue Léon Fabre, Villeurbanne',45.7789232,4.8733014,'jmilladaquontana2500@hotmail.com','password','MILLADA QUONTANA','Jacques'),(781,'3 Rue du Canada, Villeurbanne',45.7823643,4.8803382,'felicien.obadea@hotmail.com','password','OBADEA','Félicien'),(782,'19 Place des Maisons Neuves, Villeurbanne',45.7562203,4.8773984,'cbarnerd612@yahoo.com','password','BARNERD','Charlotte'),(783,'13 Rue Hector Berlioz, Villeurbanne',45.7724663,4.8687254,'jmiric362@hotmail.com','password','MIRIC','Jessica'),(784,'14 Rue Anatole France, Villeurbanne',45.7672675,4.8732988,'jean.marachal@hotmail.com','password','MARACHAL','Jean'),(785,'3 Rue Victor Basch, Villeurbanne',45.7653439,4.8973304,'hdugua6238@hotmail.com','password','DUGUA','Houcem'),(786,'1 Rue du Roulet, Villeurbanne',45.787299,4.8966763,'laltor@laposte.net','password','ALTOR','Lan'),(787,'1 Rue de la Ligne de l''Est, Villeurbanne',45.7568569,4.9005011,'henrique.beeuvaos@laposte.net','password','BEEUVAOS','Henrique'),(788,'7 Rue Colin, Villeurbanne',45.7753442,4.874090400000001,'fhipeak@free.fr','password','HIPEAK','François'),(789,'14 Rue Lazare Drut, Villeurbanne',45.772597,4.8879717,'sknouer1758@gmail.com','password','KNOUER','Sarah'),(790,'8 Rue Léon Blum, Villeurbanne',45.7593251,4.8916377,'cedric.gercea-limon@yahoo.com','password','GERCEA LIMON','Cédric'),(791,'4 Rue du Port, Villeurbanne',45.7557219,4.9027455,'sven.tellinoere@laposte.net','password','TELLINOERE','Sven'),(792,'6 Rue de Bel Air, Villeurbanne',45.7578025,4.910425399999999,'nhiu8202@free.fr','password','HIU','Nicolas'),(793,'6 Allée des Cèdres, Villeurbanne',45.7563681,4.910591699999999,'mathieu.xhombulla@hotmail.com','password','XHOMBULLA','Mathieu'),(794,'6 Boulevard Niels Bohr, Villeurbanne',45.7867563,4.8793486,'radu.falices@yahoo.com','password','FALICES','Radu'),(795,'17 Rue Pierre Louis Bernaix, Villeurbanne',45.7601114,4.896868400000001,'fchohboun3141@laposte.net','password','CHOHBOUN','Florian'),(796,'20 Rue Jean Novel, Villeurbanne',45.77195469999999,4.8616113,'vincent.osperat@hotmail.com','password','OSPERAT','Vincent'),(797,'9 Rue Paul Verlaine, Villeurbanne',45.7686432,4.8802267,'jschultz9715@free.fr','password','SCHULTZ','Joachim'),(798,'15 Rue Raspail, Villeurbanne',45.7733469,4.8804944,'eberd1830@yahoo.com','password','BERD','Etienne'),(799,'4 Rue Joseph Gillet, Villeurbanne',45.7732307,4.8880434,'guilhem.artogon@free.fr','password','ARTOGON','Guilhem'),(800,'3 Avenue Antoine de Saint Exupery, Villeurbanne',45.75948289999999,4.8768075,'paul-remi.ean@outlook.com','password','EAN','Paul-Rémi'),(801,'7 Impasse Richard, Villeurbanne',45.7754506,4.8855537,'jonathan.villiud@gmail.com','password','VILLIUD','Jonathan'),(802,'12 Rue du Vert Buisson, Villeurbanne',45.7840393,4.9023939,'thomas.jessenet@free.fr','password','JESSENET','Thomas'),(803,'12 Rue de Milan, Villeurbanne',45.7736355,4.869595599999999,'cedric.blich@hotmail.com','password','BLICH','Cédric'),(804,'13 Rue du Canada, Villeurbanne',45.7825429,4.881254999999999,'michael.franzatto@hotmail.com','password','FRANZATTO','Michaël'),(805,'14 Rue George Sand, Villeurbanne',45.7549174,4.886296499999999,'mdossontosolovoira@laposte.net','password','DOS SONTOS OLOVOIRA','Marc'),(806,'18 Rue Lancon, Villeurbanne',45.7709787,4.8933311,'dchiveloer@gmail.com','password','CHIVELOER','Deborah'),(807,'6 Rue Georges Courteline, Villeurbanne',45.7772827,4.876908999999999,'rpercevol@yahoo.com','password','PERCEVOL','Roman'),(808,'2 Rue de Pierrefrite, Villeurbanne',45.7662693,4.9106524,'slhuoliir3829@gmail.com','password','LHUOLIIR','Stéfan'),(809,'9 Rue des Bons Amis, Villeurbanne',45.7861122,4.902509999999999,'mcaumoc@free.fr','password','CAUMOC','Moises'),(810,'18 Allée Buster Keaton, Villeurbanne',45.77447979999999,4.8614616,'ehiche@laposte.net','password','HICHÉ','Emmanuel'),(811,'12 Rue de la Poudrette, Villeurbanne',45.7636489,4.9193509,'gbrachti3189@outlook.com','password','BRACHTI','Grégoire'),(812,'4 Avenue Ampère, Villeurbanne',45.7664719,4.9170291,'csmajkel8698@gmail.com','password','SMAJKEL','Cédric'),(813,'16 Rue Marguerite, Villeurbanne',45.7780464,4.8686235,'remi.juniat@free.fr','password','JUNIAT','Rémi'),(814,'10 Rue Charles Montaland, Villeurbanne',45.7640586,4.8817921,'jdohbi7414@hotmail.com','password','DOHBI','Juan Gabriel'),(815,'14 Rue Baudin, Villeurbanne',45.7648036,4.9051537,'gguoguen2418@hotmail.com','password','GUOGUEN','Gabriela'),(816,'12 Rue Docteur Frappaz, Villeurbanne',45.7614209,4.8936989,'skaornin@hotmail.com','password','KAORNIN','Simon'),(817,'8 Rue du 8 Mai 1945, Villeurbanne',45.78185,4.891618999999999,'gwenael.gelon@laposte.net','password','GELON','Gwenaël'),(818,'18 Rue Louis Guerin, Villeurbanne',45.7782014,4.8603536,'franco.biuzod@laposte.net','password','BIUZOD','Franco'),(819,'3 Rue Jean Voillot, Villeurbanne',45.7551069,4.9098728,'antoine.mennat@hotmail.com','password','MENNAT','Antoine'),(820,'7 Rue Victor Hugo, Villeurbanne',45.7563339,4.8810256,'slocour@free.fr','password','LOCOUR','Stéfan'),(821,'13 Rue Marteret, Villeurbanne',45.7769736,4.872235,'lionel.sielly@laposte.net','password','SIELLY','Lionel'),(822,'6 Boulevard Eugene Reguillon, Villeurbanne',45.7598007,4.891545499999999,'cheng.farrer@free.fr','password','FARRER','Cheng'),(823,'12 Rue Florian, Villeurbanne',45.7600994,4.8807214,'maricel.val@free.fr','password','VAL','Maricel'),(824,'12 Rue Abbe A Firmin, Villeurbanne',45.7847213,4.8985613,'benoit.mauneer-despins@laposte.net','password','MAUNEER-DESPINS','Benoît'),(825,'6 Rue de la Ligne de l''Est, Villeurbanne',45.757184,4.903086699999999,'vhernendez@yahoo.com','password','HERNENDEZ','Vincent'),(826,'13 Impasse Pellet, Villeurbanne',45.7645443,4.8957803,'denis.liw@outlook.com','password','LIW','Denis'),(827,'19 Rue de l''Avenir, Villeurbanne',45.7544617,4.907689299999999,'hgauteir@laposte.net','password','GAUTEIR','Hubert'),(828,'14 Allée Marcel Achard, Villeurbanne',45.7744709,4.861149,'franco-josue.nguyon@free.fr','password','NGUYON','Franco Josué'),(829,'14 Rue Alfred de Musset, Villeurbanne',45.7572993,4.916625499999999,'olivier.zhang@free.fr','password','ZHANG','Olivier'),(830,'5 Impasse du Progres, Villeurbanne',45.7689175,4.8931597,'cdubest@gmail.com','password','DUBEST','Clément'),(831,'15 Rue Severine, Villeurbanne',45.7539729,4.913509599999999,'emmanuel.hu@yahoo.com','password','HU','Emmanuel'),(832,'4 Rue Louis Becker, Villeurbanne',45.7652138,4.868869,'jfallminn@yahoo.com','password','FALLMINN','Jia-Jing'),(833,'13 Rue Millon, Villeurbanne',45.7674651,4.867209,'quentin.weolloert@laposte.net','password','WEOLLOERT','Quentin'),(834,'14 Rue de la Somme, Villeurbanne',45.7525505,4.9069512,'simon.rece-rega@gmail.com','password','RECE REGA','Simon'),(835,'18 Rue Billon, Villeurbanne',45.7736477,4.878612500000001,'marc.louber@outlook.com','password','LOUBER','Marc'),(836,'7 Rue Baudin, Villeurbanne',45.7656656,4.906079,'juan-gabriel.dies-arauji@yahoo.com','password','DIES ARAUJI','Juan Gabriel'),(837,'13 Rue Malherbe, Villeurbanne',45.7672026,4.8788985,'amounaer8064@outlook.com','password','MOUNAER','André'),(838,'17 Rue Paul Gojon, Villeurbanne',45.7717941,4.8998411,'berrenur.virkkunin@gmail.com','password','VIRKKUNIN','Berrenur'),(839,'17 Rue Henri Rolland, Villeurbanne',45.77190050000001,4.8631783,'mdighmi@yahoo.com','password','DIGHMI','Mohamed'),(840,'19 Rue Frédéric Mistral, Villeurbanne',45.7564343,4.8765284,'cgourgoon7028@free.fr','password','GOURGOON','Christophe'),(841,'9 Rue de la Famille, Villeurbanne',45.77391679999999,4.879883899999999,'gleu2545@hotmail.com','password','LEU','Guilhem'),(842,'13 Rue du Docteur Ollier, Villeurbanne',45.767819,4.8830358,'florine.kneuir@outlook.com','password','KNEUIR','Florine'),(843,'1 Rue Jean Ottavi, Villeurbanne',45.7733019,4.8725945,'mohamed.yeng@free.fr','password','YENG','Mohamed'),(844,'15 Rue Yvonne Chanu, Villeurbanne',45.75379239999999,4.9084279,'pmartenozanaya5561@outlook.com','password','MARTENOZ ANAYA','Pierre-François'),(845,'6 Rue Louis Jarnet, Villeurbanne',45.7816005,4.9050217,'aalgherba3179@free.fr','password','AL GHERBA','Anis'),(846,'11 Rue Denis Papin, Villeurbanne',45.7697533,4.8914,'jedrean@gmail.com','password','EDREAN','Jérémy'),(847,'14 Avenue Salvador Allende, Villeurbanne',45.7750656,4.8648774,'olivier.grondas@free.fr','password','GRONDAS','Olivier'),(848,'16 Impasse Henri, Villeurbanne',45.782517,4.8884149,'yary.istanove@outlook.com','password','ISTANOVE','Yary'),(849,'5 Rue Gabriel Peri, Villeurbanne',45.7707012,4.8634632,'dorian.deauri@yahoo.com','password','DEAURI','Dorian'),(850,'14 Impasse du Boucheret, Villeurbanne',45.7675089,4.895662,'remi.do-sauze-almeeda@hotmail.com','password','DO SAUZE ALMEEDA','Rémi'),(851,'14 Impasse Bourgchanin, Villeurbanne',45.7644178,4.9029298,'cnichall8966@gmail.com','password','NICHALL','Cédric'),(852,'7 Rue Max Barel, Villeurbanne',45.7572386,4.9010224,'julien.pirez@free.fr','password','PIREZ','Julien'),(853,'16 Rue Bergonier, Villeurbanne',45.7648305,4.898365699999999,'ziqing.mitoget@free.fr','password','MITOGET','Ziqing'),(854,'10 Rue du Dr Pierre Fleury Papillon, Villeurbanne',45.7640165,4.8828065,'yassir.reuchon@gmail.com','password','REUCHON','Yassir'),(855,'11 Rue Jean Ottavi, Villeurbanne',45.7732434,4.874111099999999,'xhille4466@yahoo.com','password','HILLE','Xiao Jing'),(856,'2 Rue Monge, Villeurbanne',45.7530966,4.9087801,'ecorradorjerez@hotmail.com','password','CORRADOR JEREZ','Estelle'),(857,'5 Allée Marcel Achard, Villeurbanne',45.7752584,4.861431899999999,'yaelle.donodio-galvis@gmail.com','password','DONODIO GALVIS','Yaelle'),(858,'4 Rue Lakanal, Villeurbanne',45.7753394,4.8659611,'sara.prol@gmail.com','password','PROL','Sara'),(859,'9 Rue Louis Adam, Villeurbanne',45.7685819,4.871868999999999,'febadee@yahoo.com','password','EBADEE','Federico'),(860,'7 Rue Colin, Villeurbanne',45.7753442,4.874090400000001,'sbillefleur7233@yahoo.com','password','BILLEFLEUR','Sheng'),(861,'4 Rue Lafontaine, Villeurbanne',45.7614505,4.875922099999999,'lucia.magnon-ribirt@yahoo.com','password','MAGNON-RIBIRT','Lucia'),(862,'20 Rue Lakanal, Villeurbanne',45.7741753,4.8666861,'lilian.dessinvelle@outlook.com','password','DESSINVELLE','Lilian'),(863,'4 Avenue Aristide Briand, Villeurbanne',45.7667742,4.879804,'sgaguillot6009@hotmail.com','password','GAGUILLOT','Sheng'),(864,'18 Allée du Couchant, Villeurbanne',45.7596617,4.8786741,'arachord1676@free.fr','password','RACHORD','Adil'),(865,'15 Allée Louis Pergaud, Villeurbanne',45.7528069,4.9147954,'wfitiominao6901@gmail.com','password','FITIO MINAO','Wissal'),(866,'18 Rue Abbe A Firmin, Villeurbanne',45.7847213,4.8985613,'dtheveneux@yahoo.com','password','THEVENEUX','Dimitar'),(867,'17 Rue Marcel Dutartre, Villeurbanne',45.7797949,4.8770238,'laura.estojo-starzowski@gmail.com','password','ESTOJO-STARZOWSKI','Laura'),(868,'11 Rue Charrin, Villeurbanne',45.7562125,4.8890109,'rcistoa@laposte.net','password','CISTOA','Romaric'),(869,'2 Rue Deauville, Villeurbanne',45.7724704,4.898741900000001,'srecird7840@hotmail.com','password','RECIRD','Steeve'),(870,'9 Rue Frédéric Passy, Villeurbanne',45.7606139,4.876205,'sannine.coo@outlook.com','password','COO','Sannine'),(871,'3 Rue Poizat, Villeurbanne',45.7592629,4.8932006,'benoit.exbroyat@yahoo.com','password','EXBROYAT','Benoit'),(872,'10 Rue Alexis Perroncel, Villeurbanne',45.7744208,4.8708507,'jlae7438@laposte.net','password','LAE','Jonathan'),(873,'2 Rue de l''Epi de Ble, Villeurbanne',45.77831330000001,4.9023721,'vincent.grongi-praderas@hotmail.com','password','GRONGI-PRADERAS','Vincent'),(874,'1 Avenue Antoine Dutrievoz, Villeurbanne',45.7724631,4.8620072,'fvindammi@hotmail.com','password','VINDAMMI','Florian'),(875,'19 Allée du Levant, Villeurbanne',45.7594919,4.8806691,'jogoor381@yahoo.com','password','OGOOR','Julia'),(876,'18 Rue de l''Union, Villeurbanne',45.7659946,4.89163,'bo.di-seuza-almeeda@outlook.com','password','DI SEUZA ALMEEDA','Bo'),(877,'16 Petite Rue de la Viabert, Villeurbanne',45.7674882,4.865306500000001,'andrei.mullir@hotmail.com','password','MULLIR','Andréi'),(878,'4 Rue François Mole, Villeurbanne',45.7691486,4.899854299999999,'andra.diiuri@laposte.net','password','DIIURI','Andra'),(879,'9 Place des Maisons Neuves, Villeurbanne',45.7563453,4.876610299999999,'cedric.timebo-leukam@gmail.com','password','TIMEBO LEUKAM','Cédric'),(880,'3 Boulevard Honore de Balzac, Villeurbanne',45.7547271,4.8846849,'elwing.blonchard@hotmail.com','password','BLONCHARD','Elwing'),(881,'5 Rue de l''Epi de Ble, Villeurbanne',45.778083,4.9027822,'aymeric.boyle@yahoo.com','password','BOYLE','Aymeric'),(882,'10 Rue des Roses, Villeurbanne',45.75509479999999,4.906294,'qmideini9322@yahoo.com','password','MIDEINI','Quoc-Duy-Tam'),(883,'18 Rue du Marais, Villeurbanne',45.7843184,4.9013526,'raphael.chauerd@outlook.com','password','CHAUERD','Raphaël'),(884,'4 Rue Songieu, Villeurbanne',45.7694506,4.874515199999999,'thomas.bellerd@yahoo.com','password','BELLERD','Thomas'),(885,'16 Rue Songieu, Villeurbanne',45.7684936,4.874904799999999,'arnaud.irnould@free.fr','password','IRNOULD','Arnaud'),(886,'12 Rue Jean Ottavi, Villeurbanne',45.7732172,4.8741113,'tfeudat@hotmail.com','password','FEUDAT','Timothée'),(887,'16 Rue George Sand, Villeurbanne',45.7548835,4.8864883,'vkneuor5638@laposte.net','password','KNEUOR','Vincent'),(888,'2 Rue Sully Prudhomme, Villeurbanne',45.7661559,4.8780644,'christopher.meuhsine@free.fr','password','MEUHSINE','Christopher'),(889,'19 Rue Robert Desnos, Villeurbanne',45.772555,4.8803198,'fzontideschi@outlook.com','password','ZONTIDESCHI','Franck'),(890,'12 Rue Colin, Villeurbanne',45.7756176,4.8739833,'ssebotta@hotmail.com','password','SEBOTTA','Sara'),(891,'4 Impasse Buyet, Villeurbanne',45.755955,4.9034362,'bguolleu8391@hotmail.com','password','GUOLLEU','Benoît'),(892,'18 Place de la Paix, Villeurbanne',45.7521383,4.9153437,'romain.xhimbulli@free.fr','password','XHIMBULLI','Romain'),(893,'8 Rue des Peupliers, Villeurbanne',45.760469,4.888070799999999,'rascendell426@free.fr','password','ASCENDELL','Rebeca'),(894,'1 Impasse Guillet, Villeurbanne',45.7817053,4.8868425,'benoit.moron@free.fr','password','MORON','Benoît'),(895,'6 Rue de Mulhouse, Villeurbanne',45.773245,4.8960532,'ao-chen.durintin@outlook.com','password','DURINTIN','Ao Chen'),(896,'18 Rue Jean Baptiste Durand, Villeurbanne',45.7543816,4.904026099999999,'cheng.pantoa@laposte.net','password','PANTOA','Cheng'),(897,'8 Impasse du Progres, Villeurbanne',45.769641,4.8929342,'yannick.sonchoz@free.fr','password','SONCHOZ','Yannick'),(898,'18 Rue Francis Chirat, Villeurbanne',45.7580034,4.888853500000001,'cleuvil@hotmail.com','password','LEUVIL','Christophe'),(899,'12 Rue Georges Clemenceau, Villeurbanne',45.77707960000001,4.8836512,'jacques.seally@outlook.com','password','SEALLY','Jacques'),(900,'13 Rue du Tonkin, Villeurbanne',45.7790001,4.865207499999999,'nfogne@free.fr','password','FOGNE','Nicolas'),(901,'14 Rue Émile Decorps, Villeurbanne',45.7582886,4.8998205,'vpittit1463@outlook.com','password','PITTIT','Victor'),(902,'8 Rue du Docteur Rollet, Villeurbanne',45.768166,4.8841087,'stephane.cillavo@free.fr','password','CILLAVO','Stéphane'),(903,'6 Rue Paul Lafargue, Villeurbanne',45.7683863,4.8834233,'lrevel@free.fr','password','REVEL','Lionel'),(904,'14 Rue Châteaubriand, Villeurbanne',45.7807755,4.8796746,'ziqing.meroat@yahoo.com','password','MEROAT','Ziqing'),(905,'7 Impasse Fontanieres, Villeurbanne',45.7738605,4.882839199999999,'dlabroot7750@hotmail.com','password','LABROOT','Damien'),(906,'15 Impasse des Tilleuls, Villeurbanne',45.7799706,4.880211399999999,'jblam5763@laposte.net','password','BLAM','Jonathan'),(907,'11 Rue des Bluets, Villeurbanne',45.7815983,4.8968338,'alexis.berbaud@laposte.net','password','BERBAUD','Alexis'),(908,'1 Rue Flachet, Villeurbanne',45.7714177,4.8901444,'aporez2392@outlook.com','password','POREZ','Adrian Constantin'),(909,'19 Rue Jean Voillot, Villeurbanne',45.7552459,4.9104598,'hklengsheim@gmail.com','password','KLENGSHEIM','Hugo'),(910,'2 Rue de la Serenite, Villeurbanne',45.7696641,4.8966729,'xavier.bolhodj-aassa@free.fr','password','BOLHODJ AASSA','Xavier'),(911,'19 Rue de la Liberté, Villeurbanne',45.7649088,4.9028418,'samuel.mauzalo@laposte.net','password','MAUZALO','Samuel'),(912,'2 Rue Gérard Maire, Villeurbanne',45.7703101,4.8881703,'jruttnir@laposte.net','password','RUTTNIR','Ji Seong'),(913,'20 Rue Branly, Villeurbanne',45.7698604,4.881501099999999,'mmartons@free.fr','password','MARTONS','Mustafa'),(914,'18 Rue Flachet, Villeurbanne',45.77058,4.8898701,'scirdonaponci@hotmail.com','password','CIRDONA PONCI','Sébastien'),(915,'10 Rue Abbe A Firmin, Villeurbanne',45.7840006,4.8985001,'jjalaveou6289@hotmail.com','password','JALAVEOU','Julien'),(916,'4 Rue du Professeur Calmette, Villeurbanne',45.7727557,4.8963047,'asaghbony3004@yahoo.com','password','SAGHBONY','Arthur'),(917,'4 Impasse Lafontaine, Villeurbanne',45.7605349,4.878072,'antoine.maroet@hotmail.com','password','MAROET','Antoine'),(918,'18 Rue de la Convention, Villeurbanne',45.763556,4.873165999999999,'sylvain-alexandre.pireverteyla@laposte.net','password','PIREVERTEYLA','Sylvain Alexandre'),(919,'3 Place des Maisons Neuves, Villeurbanne',45.75633089999999,4.87807,'cfreujy4581@free.fr','password','FREUJY','Cyril'),(920,'3 Rue Victor Subit, Villeurbanne',45.7661518,4.8958527,'katharina.jenal@gmail.com','password','JENAL','Katharina'),(921,'5 Rue Victor Jara, Villeurbanne',45.7658524,4.918679099999999,'jmaesanneuve7489@laposte.net','password','MAESANNEUVE','Julien'),(922,'13 Rue Jean Voillot, Villeurbanne',45.7551914,4.9102353,'cbertrond4304@gmail.com','password','BERTROND','Cédric'),(923,'16 Rue du Souvenir Français, Villeurbanne',45.761683,4.9092632,'katharina.lom@free.fr','password','LOM','Katharina'),(924,'10 Rue Marteret, Villeurbanne',45.7772124,4.8720436,'obibiraer8496@hotmail.com','password','BIBIRAER','Othmane'),(925,'20 Rue Jacques Brel, Villeurbanne',45.77396160000001,4.8645673,'radattano342@outlook.com','password','ADATTANO','Romaric'),(926,'6 Rue Pierre Loti, Villeurbanne',45.76906400000001,4.8868733,'sabine.none@hotmail.com','password','NONE','Sabine'),(927,'13 Avenue de Bel Air, Villeurbanne',45.7564214,4.912354199999999,'aliza9386@outlook.com','password','LIZA','Anne'),(928,'8 Cours Docteur Jean Damidot, Villeurbanne',45.7616951,4.883137,'jgrigiare2103@gmail.com','password','GRIGIARE','José Nicolas'),(929,'11 Boulevard Honore de Balzac, Villeurbanne',45.7552286,4.8864743,'mvirgascasadeago5664@free.fr','password','VIRGAS CASADEAGO','Mathias'),(930,'5 Rue Schmidt, Villeurbanne',45.7765162,4.8737222,'jcitaleno5638@laposte.net','password','CITALENO','Jonas'),(931,'6 Rue des Charmettes, Villeurbanne',45.7717717,4.8663361,'mfirreer1469@gmail.com','password','FIRREER','Maud'),(932,'2 Rue Chambfort, Villeurbanne',45.76699,4.900568199999999,'romain.dupartal@outlook.com','password','DUPARTAL','Romain'),(933,'19 Rue Persoz, Villeurbanne',45.761814,4.887457299999999,'mschulz1302@free.fr','password','SCHULZ','Moises'),(934,'6 Rue Clos Poncet, Villeurbanne',45.7627033,4.8750181,'scerbaan@free.fr','password','CERBAAN','Stanislaw'),(935,'1 Rue Léon Blum, Villeurbanne',45.7595589,4.8913003,'remi.brigard@hotmail.com','password','BRIGARD','Rémi'),(936,'9 Rue Geoffray, Villeurbanne',45.77415269999999,4.881442,'mblenchard5076@outlook.com','password','BLENCHARD','Mohamed'),(937,'8 Rue Louis Fort, Villeurbanne',45.7742418,4.8851906,'aphen@laposte.net','password','PHEN','Ahmed'),(938,'18 Impasse Richard, Villeurbanne',45.7750232,4.8854402,'roy.sten@yahoo.com','password','STEN','Roy'),(939,'11 Impasse Bourgchanin, Villeurbanne',45.7678623,4.9023994,'drayor4625@free.fr','password','RAYOR','David Alexander'),(940,'11 Rue Baudin, Villeurbanne',45.7654461,4.9060381,'nicolas.irmbruster@laposte.net','password','IRMBRUSTER','Nicolas'),(941,'16 Allée des Enfants, Villeurbanne',45.7704513,4.8977042,'alexandra.jiuma@laposte.net','password','JIUMA','Alexandra'),(942,'2 Impasse des Soeurs, Villeurbanne',45.7797278,4.8892369,'mdoliperte1309@gmail.com','password','DOLIPERTE','Malin Johanna'),(943,'15 Rue Andree Brevet, Villeurbanne',45.7566251,4.889004700000001,'tjiinne8779@gmail.com','password','JIINNE','Thomas'),(944,'10 Rue Alexandre Dumas, Villeurbanne',45.7761753,4.8890939,'vincent.iugustin@free.fr','password','IUGUSTIN','Vincent'),(945,'5 Rue Rouget de Lisle, Villeurbanne',45.7890324,4.884618,'gfranchat8506@yahoo.com','password','FRANCHAT','Ganéche'),(946,'12 Rue Léon Fabre, Villeurbanne',45.7785156,4.8745974,'aymeric.guillary@yahoo.com','password','GUILLARY','Aymeric'),(947,'18 Rue de la Bastille, Villeurbanne',45.76971340000001,4.871951399999999,'nor.ekan@free.fr','password','EKAN','Nor'),(948,'9 Rue d''Alsace, Villeurbanne',45.7703874,4.870241699999999,'etienne.resutakevo@laposte.net','password','RESUTAKEVO','Etienne'),(949,'11 Rue Gervais Bussiere, Villeurbanne',45.7745532,4.8708198,'snguyin8322@laposte.net','password','NGUYIN','Sébastien'),(950,'4 Avenue Henri Barbusse, Villeurbanne',45.7692914,4.8790922,'mskeredj@free.fr','password','SKEREDJ','Martin'),(951,'11 Cours Docteur Jean Damidot, Villeurbanne',45.7618249,4.8831444,'ameisinniuve9661@free.fr','password','MEISINNIUVE','Alexandre'),(952,'8 Rue Tranquille, Villeurbanne',45.7845938,4.897792,'oana-maria.sives@gmail.com','password','SIVES','Oana-Maria'),(953,'2 Rue des Barottieres, Villeurbanne',45.7765698,4.8961381,'ccuccha4844@yahoo.com','password','CUCCHA','Cyril'),(954,'20 Rue du Luxembourg, Villeurbanne',45.75000989999999,4.914073,'atyl6553@free.fr','password','TYL','Angélique'),(955,'16 Rue Bat Yam, Villeurbanne',45.7731374,4.8644351,'marie.burgas-horrero@laposte.net','password','BURGAS HORRERO','Marie'),(956,'3 Rue Jean Pierre Bredy, Villeurbanne',45.7817667,4.8862035,'pvellonuovazacarias@gmail.com','password','VELLONUOVA ZACARIAS','Paul-Rémi'),(957,'10 Rue Songieu, Villeurbanne',45.7689064,4.8748078,'quentin.premiult@hotmail.com','password','PREMIULT','Quentin'),(958,'6 Rue d''Hanoi, Villeurbanne',45.7713811,4.8630514,'ldieepirosdossantos@free.fr','password','DIEE PIROS DOS SANTOS','Loic'),(959,'18 Avenue Galline, Villeurbanne',45.7764396,4.8660152,'amine.elilj@gmail.com','password','ELILJ','Amine'),(960,'15 Rue Dedieu, Villeurbanne',45.76950249999999,4.8642157,'marina.noguoori-de-souza@free.fr','password','NOGUOORI DE SOUZA','Marina'),(961,'6 Rue du Foyer, Villeurbanne',45.77447900000001,4.879538600000001,'ion.genzaliz-castelo@gmail.com','password','GENZALIZ CASTELO','Ion'),(962,'3 Rue Millon, Villeurbanne',45.7676282,4.8665138,'rammenon4637@laposte.net','password','AMMENON','Romain'),(963,'8 Rue de la Baisse, Villeurbanne',45.7624473,4.8933314,'mceffart8082@hotmail.com','password','CEFFART','Marwane'),(964,'1 Rue Melzet, Villeurbanne',45.7732586,4.868820899999999,'florent.biuchacot@gmail.com','password','BIUCHACOT','Florent'),(965,'11 Rue Raspail, Villeurbanne',45.7733302,4.8800744,'ggrindos3492@yahoo.com','password','GRINDOS','Ganéche'),(966,'13 Rue Victor Subit, Villeurbanne',45.7652653,4.895696399999999,'guillaume.loguelle@laposte.net','password','LOGUELLE','Guillaume'),(967,'20 Rue Jean Novel, Villeurbanne',45.77195469999999,4.8616113,'nkerimnes@outlook.com','password','KERIMNES','Nawfal'),(968,'3 Rue du Luxembourg, Villeurbanne',45.7505539,4.9147723,'fabienne.songh@hotmail.com','password','SONGH','Fabienne'),(969,'13 Rue Billon, Villeurbanne',45.7739195,4.8790977,'karen.hejali@gmail.com','password','HEJALI','Karen'),(970,'17 Avenue de la Rize, Villeurbanne',45.76932559999999,4.9099865,'caroline.meriin@outlook.com','password','MERIIN','Caroline'),(971,'6 Rue du Docteur Rollet, Villeurbanne',45.7682947,4.8842637,'moises.bouary@outlook.com','password','BOUARY','Moises'),(972,'7 Impasse Martin, Villeurbanne',45.7631172,4.8947387,'mdeudan@yahoo.com','password','DEUDAN','Marc'),(973,'1 Rue Saint Jean, Villeurbanne',45.77696359999999,4.8997395,'krasendemottiali@laposte.net','password','RASENDE MOTTIALI','Kevin'),(974,'19 Impasse Bourgchanin, Villeurbanne',45.7673797,4.902729799999999,'marouane.kihn-morano@outlook.com','password','KIHN MORANO','Marouane'),(975,'16 Rue Prisca, Villeurbanne',45.7799877,4.882032,'mtherend@outlook.com','password','THEREND','Mauricio'),(976,'1 Rue Jean Baptiste Durand, Villeurbanne',45.7554251,4.9039272,'roy.mondeon@yahoo.com','password','MONDEON','Roy'),(977,'3 Avenue Galline, Villeurbanne',45.7765412,4.8649114,'estelle.bataallo@free.fr','password','BATAALLO','Estelle'),(978,'5 Petite Rue de la Rize, Villeurbanne',45.7599001,4.8855982,'lkurza1197@yahoo.com','password','KURZA','Liisa Maria'),(979,'8 Rue Eugene Pottier, Villeurbanne',45.78535249999999,4.896756,'thierry.voiniar@gmail.com','password','VOINIAR','Thierry'),(980,'12 Rue Robert Desnos, Villeurbanne',45.77253049999999,4.8808549,'yann.la@outlook.com','password','LA','Yann'),(981,'14 Boulevard de Villeurbanne, Villeurbanne',45.78706,4.8842539,'sgorny@laposte.net','password','GORNY','Soraya'),(982,'4 Impasse Chevreul, Villeurbanne',45.7639036,4.8997196,'sdomonget7251@free.fr','password','DOMONGET','Stanislas'),(983,'9 Rue de Milan, Villeurbanne',45.7736131,4.8698024,'joachim.fronchet@yahoo.com','password','FRONCHET','Joachim'),(984,'9 Rue Decomberousse, Villeurbanne',45.7624775,4.914981399999999,'jgorny660@hotmail.com','password','GORNY','Jean-Andréi'),(985,'17 Place Marengo, Villeurbanne',45.7597746,4.8756236,'jdacenenck5830@laposte.net','password','DACENENCK','Julien'),(986,'17 Boulevard du 11 Novembre 1918, Villeurbanne',45.7794646,4.8620505,'pbesetilli@yahoo.com','password','BESETILLI','Paul'),(987,'20 Allée du Caporal Maupas, Villeurbanne',45.7534342,4.9146749,'yannick.poarrel@hotmail.com','password','POARREL','Yannick'),(988,'5 Rue de la Liberté, Villeurbanne',45.7652363,4.901676399999999,'daniel.brucy@outlook.com','password','BRUCY','Daniel'),(989,'18 Rue Gervais Bussiere, Villeurbanne',45.77425969999999,4.8698093,'abilen@hotmail.com','password','BILEN','Alejandro Gabriel'),(990,'14 Rue Clos Mon Desir, Villeurbanne',45.7783014,4.905761399999999,'guillaume.cottelaon@free.fr','password','COTTELAON','Guillaume'),(991,'16 Place Charles Hernu, Villeurbanne',45.7705297,4.8632038,'pierre.torsen@hotmail.com','password','TORSEN','Pierre'),(992,'20 Rue Bernard Lecache, Villeurbanne',45.764508,4.911296,'sasezavaga156@free.fr','password','ASEZA VAGA','Sébastien'),(993,'5 Rue des Pres, Villeurbanne',45.7818993,4.8953997,'matthieu.tallonaere@yahoo.com','password','TALLONAERE','Matthieu'),(994,'17 Rue des Fleurs, Villeurbanne',45.7536761,4.8953276,'paul.joenroy@hotmail.com','password','JOENROY','Paul'),(995,'16 Rue Antoine Primat, Villeurbanne',45.75807229999999,4.8937889,'vincent.bennord@free.fr','password','BENNORD','Vincent'),(996,'1 Rue Georges Melies, Villeurbanne',45.7767172,4.8601831,'servane.laciintre@outlook.com','password','LACIINTRE','Servane'),(997,'9 Rue Michel Dupeuble, Villeurbanne',45.7762525,4.8916938,'thomas.falices@free.fr','password','FALICES','Thomas'),(998,'4 Rue Docteur Frappaz, Villeurbanne',45.7605544,4.8925778,'pgormaen@yahoo.com','password','GORMAEN','Patrick'),(999,'11 Rue Bat Yam, Villeurbanne',45.7729453,4.8646626,'mpruppor8863@yahoo.com','password','PRÜPPOR','Munbeom'),(1000,'10 Rue Michel Servet, Villeurbanne',45.76882790000001,4.8788041,'ao-chen.cestie@yahoo.com','password','CESTIE','Ao Chen'),(1001,'19 Rue Max Linder, Villeurbanne',45.771944,4.8901709,'walid.okon@laposte.net','password','OKON','Walid'),(1002,'17 Avenue du Commandant l''Herminier, Villeurbanne',45.7702562,4.8849845,'lpaccelo@gmail.com','password','PACCELO','Loic'),(1003,'15 Rue de la Famille, Villeurbanne',45.7739457,4.8805931,'leo.hockir@gmail.com','password','HOCKIR','Léo'),(1004,'15 Rue Louis Bocquet, Villeurbanne',45.7568548,4.9029299,'smoguet503@laposte.net','password','MOGUET','Stéphane'),(1005,'5 Rue Geoffray, Villeurbanne',45.7742656,4.8811281,'abennird5722@outlook.com','password','BENNIRD','Ali'),(1006,'1 Rue Chambfort, Villeurbanne',45.7670857,4.9008787,'francois.penton@laposte.net','password','PENTON','François'),(1007,'20 Rue Michel Dupeuble, Villeurbanne',45.7753294,4.8898797,'otto.poorot@hotmail.com','password','POOROT','Otto'),(1008,'4 Rue Monge, Villeurbanne',45.7529985,4.9088712,'andrew.borry@yahoo.com','password','BORRY','Andrew'),(1009,'2 Rue de Bel Air, Villeurbanne',45.7581357,4.9102735,'andrei.perramon@yahoo.com','password','PERRAMON','Andréi'),(1010,'1 Place Jules Grandclement, Villeurbanne',45.7598283,4.890094599999999,'liliana.vettikko@hotmail.com','password','VETTIKKO','Liliana'),(1011,'7 Impasse Metral, Villeurbanne',45.7724012,4.8706209,'tpaurcelot954@laposte.net','password','PAURCELOT','Thibaud'),(1012,'10 Avenue Antoine de Saint Exupery, Villeurbanne',45.7595492,4.875918599999999,'aduguo6787@hotmail.com','password','DUGUO','Adjoua'),(1013,'16 Rue du Pont des Planches, Villeurbanne',45.7706499,4.907128,'jeatauassarah9566@outlook.com','password','EAT AUASSARAH','Jose Luis'),(1014,'9 Rue Montgolfier, Villeurbanne',45.7745845,4.8904442,'olivier.jensson@free.fr','password','JENSSON','Olivier'),(1015,'15 Rue Etienne Gagnaire, Villeurbanne',45.77304669999999,4.865550300000001,'mbenrihma3527@gmail.com','password','BEN RIHMA','Marc'),(1016,'18 Rue des Roses, Villeurbanne',45.7545254,4.9063425,'mmendaen@outlook.com','password','MENDAEN','Mathias'),(1017,'8 Rue du Caporal Morange, Villeurbanne',45.751754,4.9166954,'ocinquolain@hotmail.com','password','CINQUOLAIN','Oana-Maria'),(1018,'12 Rue des Muriers, Villeurbanne',45.762574,4.881917899999999,'mmessoge@hotmail.com','password','MESSOGE','Marc'),(1019,'7 Cours de la République, Villeurbanne',45.7708264,4.8742811,'jcompi-paysaa1618@yahoo.com','password','COMPI-PAYSAA','Jérémy'),(1020,'7 Rue des Acacias, Villeurbanne',45.7818663,4.9042056,'oremananantaandro9067@gmail.com','password','REMANANANTAANDRO','Olivia'),(1021,'7 Rue Frédéric Passy, Villeurbanne',45.7606139,4.876205,'yrin9309@yahoo.com','password','RIN','Yasmina'),(1022,'4 Rue du Nord, Villeurbanne',45.7637321,4.8807877,'zmione7492@hotmail.com','password','MIONE','Zakaria'),(1023,'9 Rue Poizat, Villeurbanne',45.758833,4.8935097,'fmihjiub5970@yahoo.com','password','MIHJIUB','François'),(1024,'16 Rue Colonel Klobb, Villeurbanne',45.77487199999999,4.882220999999999,'julien.govrey@hotmail.com','password','GOVREY','Julien'),(1025,'8 Rue de l''Amitie, Villeurbanne',45.75491,4.890181,'sbonneffi-moety4859@free.fr','password','BONNEFFI-MOETY','Sébastien'),(1026,'9 Rue Damon, Villeurbanne',45.7662499,4.871244799999999,'julien.woegner@laposte.net','password','WOEGNER','Julien'),(1027,'19 Rue Antoine Bernoux, Villeurbanne',45.7694497,4.8872521,'epich8049@laposte.net','password','PICH','Emiliano'),(1028,'14 Rue Colonel Klobb, Villeurbanne',45.7747241,4.881969799999999,'pierre.piqueleer@gmail.com','password','PIQUELEER','Pierre'),(1029,'2 Rue Faillebin, Villeurbanne',45.7650181,4.8947106,'kevin.tossiir@gmail.com','password','TOSSIIR','Kévin'),(1030,'17 Place Jean Chorel, Villeurbanne',45.7739947,4.8650985,'jremogneno@yahoo.com','password','REMOGNENO','Julie'),(1031,'8 Rue Jean Pierre Bredy, Villeurbanne',45.7825306,4.8861741,'taissia.nasser@laposte.net','password','NASSER','Taissia'),(1032,'19 Rue Etienne Gagnaire, Villeurbanne',45.77304669999999,4.865550300000001,'qzhu6773@gmail.com','password','ZHU','Quentin'),(1033,'14 Rue Jean Voillot, Villeurbanne',45.7552026,4.91029,'nicolas.la@yahoo.com','password','LA','Nicolas'),(1034,'11 Avenue Henri Barbusse, Villeurbanne',45.7688227,4.8799027,'zcrapet1660@laposte.net','password','CRAPET','Ziqing'),(1035,'16 Rue Antoine Primat, Villeurbanne',45.75807229999999,4.8937889,'daniel.mikouor@gmail.com','password','MIKOUOR','Daniel'),(1036,'20 Rue Baudelaire, Villeurbanne',45.7623263,4.879541199999999,'mihaela.peres-fronca@gmail.com','password','PERES FRONCA','Mihaela'),(1037,'1 Rue Combet, Villeurbanne',45.7543467,4.9067688,'mjessinit@free.fr','password','JESSINIT','Mohamed'),(1038,'18 Petite Rue de la Rize, Villeurbanne',45.760431,4.885786899999999,'enogy@yahoo.com','password','NOGY','Edouard'),(1039,'19 Place Albert Thomas, Villeurbanne',45.7918734,4.840538,'pfiuchet5224@free.fr','password','FIUCHET','Petr'),(1040,'12 Rue Baudelaire, Villeurbanne',45.7633705,4.8793748,'ronald.dalerue@outlook.com','password','DALERUE','Ronald'),(1041,'7 Rue de la Soie, Villeurbanne',45.7627384,4.9160407,'rym.abbeur@yahoo.com','password','ABBEUR','Rym'),(1042,'5 Rue du Luxembourg, Villeurbanne',45.7495732,4.9144264,'edouard.berdy@yahoo.com','password','BERDY','Édouard'),(1043,'2 Rue Jean Baptiste Durand, Villeurbanne',45.7552666,4.903845,'etordy4899@outlook.com','password','TORDY','Emilie'),(1044,'17 Rue Douaumont, Villeurbanne',45.78248319999999,4.8989961,'florent.biurgioos@yahoo.com','password','BIURGIOOS','Florent'),(1045,'10 Rue Racine, Villeurbanne',45.7681249,4.8778692,'johann.lucos@outlook.com','password','LUCOS','Johann'),(1046,'16 Rue René Prolongee, Villeurbanne',45.7785058,4.8934861,'jdudeuet2788@laposte.net','password','DUDEUET','Joachim'),(1047,'20 Impasse Amblard, Villeurbanne',45.7542467,4.887989,'michael.lodure@outlook.com','password','LODURE','Michaël'),(1048,'2 Rue de la Cooperative, Villeurbanne',45.7707518,4.8964909,'sbregard@free.fr','password','BREGARD','Stéphane'),(1049,'6 Rue Charrin, Villeurbanne',45.7558431,4.888476,'fvellonuivaginzalez9359@hotmail.com','password','VELLONUIVA GINZALEZ','Fabien'),(1050,'9 Rue Phelypeaux, Villeurbanne',45.77746339999999,4.863946299999999,'jeremy.maustanfai@outlook.com','password','MAUSTANFAI','Jérémy'),(1051,'9 Rue Michel Dupeuble, Villeurbanne',45.7762525,4.8916938,'tiuthior8509@outlook.com','password','IUTHIOR','Thomas'),(1052,'15 Rue de la Prairie, Villeurbanne',45.7830448,4.899947,'jfleeras2824@gmail.com','password','FLEERAS','Jeroen'),(1053,'17 Rue Antoine Bernoux, Villeurbanne',45.7694497,4.8872521,'huan.blindiau@outlook.com','password','BLINDIAU','Huan'),(1054,'17 Rue du 4 Septembre 1797, Villeurbanne',45.761374,4.871766399999999,'philippe.nechall@yahoo.com','password','NECHALL','Philippe'),(1055,'9 Rue Basile, Villeurbanne',45.7792089,4.8826103,'mduguo6994@outlook.com','password','DUGUO','Mathieu'),(1056,'17 Place de Croix Luizet, Villeurbanne',45.7805833,4.882929799999999,'diego.cileri@outlook.com','password','CILERI','Diego'),(1057,'12 Rue Marguerite, Villeurbanne',45.7780464,4.8686235,'thibault.faugoriy@hotmail.com','password','FAUGORIY','Thibault'),(1058,'13 Impasse Frédéric Fays, Villeurbanne',45.7633087,4.9046544,'atren@free.fr','password','TREN','Antoine'),(1059,'3 Place Jean Chorel, Villeurbanne',45.7739947,4.8650985,'li.tuleup@gmail.com','password','TULEUP','Li'),(1060,'7 Rue Bat Yam, Villeurbanne',45.7734991,4.8646163,'henrique.paosa@hotmail.com','password','PAOSA','Henrique'),(1061,'9 Rue du Boucheret, Villeurbanne',45.76692569999999,4.8956474,'damien.bliquaare@gmail.com','password','BLIQUAARE','Damien'),(1062,'5 Impasse du Reve, Villeurbanne',45.7833619,4.9038965,'milena.dirgham@hotmail.com','password','DIRGHAM','Milena'),(1063,'8 Rue du Tonkin, Villeurbanne',45.7782211,4.8650932,'meryem.saumeellon@laposte.net','password','SAUMEELLON','Meryem'),(1064,'12 Rue de Delle, Villeurbanne',45.759514,4.9038856,'sergiu.callodon@gmail.com','password','CALLODON','Sergiu'),(1065,'1 Rue Jubin, Villeurbanne',45.7712128,4.867054,'elody.schnoider@yahoo.com','password','SCHNOIDER','Elody'),(1066,'16 Impasse Richelieu, Villeurbanne',45.7602171,4.8781698,'yunjie.do-rausaers@yahoo.com','password','DO RAUSAERS','Yunjie'),(1067,'6 Rue Octavie, Villeurbanne',45.7814455,4.8874879,'davy.futeaka@yahoo.com','password','FUTEAKA','Davy'),(1068,'20 Rue Alexandre Dumas, Villeurbanne',45.7764272,4.889952099999999,'mlucos5613@free.fr','password','LUCOS','Mohamed'),(1069,'20 Rue Monge, Villeurbanne',45.7521902,4.9093514,'emilie.phin@gmail.com','password','PHIN','Emilie'),(1070,'18 Allée du Couchant, Villeurbanne',45.7596617,4.8786741,'walaa.talbe@yahoo.com','password','TALBE','Walaa'),(1071,'8 Impasse Frédéric Fays, Villeurbanne',45.7644673,4.9030659,'louise.birgis-ferreeri-gomes@laposte.net','password','BIRGIS FERREERI GOMES','Louise'),(1072,'17 Rue d''Inkermann, Villeurbanne',45.7689816,4.8660716,'afauilha7154@laposte.net','password','FAUILHA','Anh duc'),(1073,'17 Rue du Foyer, Villeurbanne',45.7745875,4.8804235,'jhuing4812@outlook.com','password','HUING','Jia-Jing'),(1074,'19 Rue Wilhelmine, Villeurbanne',45.7816352,4.8810844,'emmanuel.hauillon@yahoo.com','password','HAUILLON','Emmanuel'),(1075,'10 Impasse des Lilas, Villeurbanne',45.7690269,4.8907274,'lucile.netan@hotmail.com','password','NETAN','Lucile'),(1076,'20 Rue Pierre Loti, Villeurbanne',45.7683571,4.8865367,'shajala7205@gmail.com','password','HAJALA','Stéphane'),(1077,'5 Rue Hector Berlioz, Villeurbanne',45.7727978,4.869206399999999,'apoqueloer@outlook.com','password','POQUELOER','Andréi'),(1078,'6 Rue Michel Dupeuble, Villeurbanne',45.7750016,4.889077299999999,'jean-christian.mechabart@yahoo.com','password','MECHABART','Jean-Christian'),(1079,'12 Rue Flachet, Villeurbanne',45.7709907,4.889914,'sernaud@laposte.net','password','ERNAUD','Sahra'),(1080,'13 Rue George Sand, Villeurbanne',45.75489169999999,4.8862251,'lbrochto6259@hotmail.com','password','BROCHTO','Lilian'),(1081,'17 Rue Pelisson, Villeurbanne',45.77404079999999,4.8861927,'fernando.gontrac@laposte.net','password','GONTRAC','Fernando'),(1082,'1 Impasse Richelieu, Villeurbanne',45.7604249,4.877578100000001,'nyishoakussuda6419@yahoo.com','password','YISHOA KUSSUDA','Nathalie'),(1083,'6 Impasse du Reve, Villeurbanne',45.7828782,4.903838599999999,'christopher.frugoir@gmail.com','password','FRUGOIR','Christopher'),(1084,'7 Rue Florian, Villeurbanne',45.76143980000001,4.880813499999999,'juan-daniel.lucis@laposte.net','password','LUCIS','Juan Daniel'),(1085,'16 Rue Son Tay, Villeurbanne',45.7731139,4.8644617,'aabadao@hotmail.com','password','ABADAO','Antonin'),(1086,'1 Rue Berthelot, Villeurbanne',45.7599698,4.8968849,'rgidalu@laposte.net','password','GIDALU','Romain'),(1087,'18 Impasse Alexandre Dumas, Villeurbanne',45.7759387,4.8895877,'pierre.porsans@outlook.com','password','PORSANS','Pierre'),(1088,'11 Rue Viret, Villeurbanne',45.77383,4.8758101,'sebastien.medree@hotmail.com','password','MEDREE','Sébastien'),(1089,'9 Rue Aynes, Villeurbanne',45.7556438,4.889107399999999,'antoine.wostphel@hotmail.com','password','WOSTPHEL','Antoine'),(1090,'5 Rue Benjamin Constant, Villeurbanne',45.77332639999999,4.879468200000001,'cedric.brunaor@hotmail.com','password','BRUNAOR','Cédric'),(1091,'9 Rue Prisca, Villeurbanne',45.7808994,4.8817792,'pierre.bortilus@gmail.com','password','BORTILUS','Pierre'),(1092,'12 Rue Jean Baptiste Clement, Villeurbanne',45.7821483,4.8796208,'stephane.xhambullo@outlook.com','password','XHAMBULLO','Stéphane'),(1093,'6 Rue des Acacias, Villeurbanne',45.7808932,4.9047886,'olena.pamitescu@laposte.net','password','PAMITESCU','Olena'),(1094,'4 Impasse Baconnier, Villeurbanne',45.7525447,4.9107246,'jeremy.pitiet@free.fr','password','PITIET','Jérémy'),(1095,'15 Impasse du Boucheret, Villeurbanne',45.7669177,4.8956719,'agovrolav@laposte.net','password','GOVROLAV','Adrien'),(1096,'13 Rue Jacques Brel, Villeurbanne',45.7739514,4.8648045,'gperroaux1007@hotmail.com','password','PERROAUX','Guillaume'),(1097,'3 Rue de Verdun, Villeurbanne',45.78339769999999,4.897431300000001,'cvi@gmail.com','password','VI','Chongguang'),(1098,'6 Rue Louis Bocquet, Villeurbanne',45.7562704,4.9026556,'rsteoly@outlook.com','password','STEOLY','Rémy'),(1099,'7 Rue Daniel Llacer, Villeurbanne',45.7783542,4.8878451,'vsejilmissi7378@free.fr','password','SEJILMISSI','Victor'),(1100,'15 Place du Commandant Rivière, Villeurbanne',45.7763585,4.8618723,'amaural7801@outlook.com','password','MAURAL','Alexis'),(1101,'3 Rue Charles Gounod, Villeurbanne',45.7753396,4.8818302,'amine.chebbort@gmail.com','password','CHEBBORT','Amine'),(1102,'1 Rue des Muriers, Villeurbanne',45.7625605,4.8806926,'pjaetsakengne5867@outlook.com','password','JAETSA KENGNE','Philipe'),(1103,'6 Avenue Antoine de Saint Exupery, Villeurbanne',45.7592896,4.8765149,'sannine.theo-thien-nghia@laposte.net','password','THEO THIEN NGHIA','Sannine'),(1104,'4 Allée du Caporal Maupas, Villeurbanne',45.75316309999999,4.9141777,'bgorvios5920@hotmail.com','password','GORVIOS','Benjamin'),(1105,'9 Rue Sully Prudhomme, Villeurbanne',45.7662021,4.878980800000001,'bruttnar8521@yahoo.com','password','RUTTNAR','Bertrand'),(1106,'17 Rue des Bons Amis, Villeurbanne',45.78514089999999,4.9026086,'oscar.la@outlook.com','password','LA','Oscar'),(1107,'15 Avenue Piaton, Villeurbanne',45.7741199,4.867296,'loichi3109@yahoo.com','password','OICHI','Li'),(1108,'7 Rue du Canada, Villeurbanne',45.7824177,4.8806904,'hfeualhi@laposte.net','password','FEUALHI','Hendrik'),(1109,'4 Rue Clos Mon Desir, Villeurbanne',45.7781587,4.9043778,'jginzilezpisa@laposte.net','password','GINZILEZ PISA','Jérémy'),(1110,'8 Rue du Docteur Rollet, Villeurbanne',45.768166,4.8841087,'alisson.meugol@hotmail.com','password','MEUGOL','Alisson'),(1111,'1 Impasse Richelieu, Villeurbanne',45.7604249,4.877578100000001,'cyril.igbangbi@gmail.com','password','IGBANGBI','Cyril'),(1112,'7 Impasse des Bienvenus, Villeurbanne',45.7715456,4.885640299999999,'pierre.riuchon@hotmail.com','password','RIUCHON','Pierre'),(1113,'8 Rue Francis Chirat, Villeurbanne',45.7574398,4.8892825,'milombeisombaco9992@hotmail.com','password','ILOMBE ISOMBACO','Michaël'),(1114,'5 Avenue Piaton, Villeurbanne',45.774187,4.866693000000001,'huage.mignan@free.fr','password','MIGNAN','Huage'),(1115,'17 Rue Racine, Villeurbanne',45.7678623,4.8779878,'cedric.kemaro@hotmail.com','password','KEMARO','Cédric'),(1116,'18 Cours Émile Zola, Villeurbanne',45.7705679,4.8643616,'jose-luis.fornandez-fernandez@gmail.com','password','FORNANDEZ FERNANDEZ','Jose Luis'),(1117,'15 Rue Faillebin, Villeurbanne',45.7640168,4.8953847,'mbongoetxeioriondo@free.fr','password','BONGOETXEI ORIONDO','Moctar'),(1118,'20 Rue de la Ligne de l''Est, Villeurbanne',45.7578997,4.907349,'ntchiumakova9963@yahoo.com','password','TCHIUMAKOVA','Nicolas'),(1119,'17 Rue Pelisson, Villeurbanne',45.77404079999999,4.8861927,'anthony.ferraer@outlook.com','password','FERRAER','Anthony'),(1120,'16 Rue du Docteur Ollier, Villeurbanne',45.7677934,4.882356199999999,'zouhair.gireux@laposte.net','password','GIREUX','Zouhair'),(1121,'12 Rue Billon, Villeurbanne',45.7739615,4.878640499999999,'hdapisquali5657@hotmail.com','password','DA PISQUALI','Harshawardhan'),(1122,'16 Rue Pascal, Villeurbanne',45.76076279999999,4.8744277,'paul.buissin@laposte.net','password','BUISSIN','Paul'),(1123,'1 Rue Jean Zuber, Villeurbanne',45.7757034,4.8966371,'gdusirt5774@free.fr','password','DUSIRT','Gaëtan');
INSERT INTO PRODUIT (ID,DENOMINATION,DESCRIPTION,POIDS,PRIX) VALUES (51,'Alliance chocolat-citron','bon',500,10),(52,'Andouillette AAAAA grillée','très bon',450,12),(53,'Baba au rhum chantilly','délicieux',521,7),(54,'Blanquette de veau','très très bon',235,15),(55,'Cake aux pralines lyonnaises et crème anglaise','bon',236,8),(56,'Cappuccino de cèpes et sa chantilly à la truffe','délicieux',235,10),(57,'Choucroute de la mer','bon',850,23),(58,'Crème brûlée','bon',625,5),(59,'Crêpes façon Suzette flambées','très bon',445,5),(60,'Croustillant chocolat grand cru Valrhona et noisette','délicieux',223,9),(61,'Dos de cabillaud rôti sur un coussinet de brandade parmentière aux senteurs de chorizo','très très bon',221,18),(62,'Dos de cabillaud, légumes racines du Val de Loire, salpicon de homard et truffe','bon',120,18),(63,'Entremets mangue litchi','délicieux',127,10),(64,'Filet de bar à la plancha, jeune épeautre à la coriandre','bon',235,15),(65,'Filet de boeuf juste poêlé avec ses champignons des bois','bon',850,16),(66,'Filet de canette pain d''épices et tonka, polenta croustillante et légumes du moment','très bon',625,20),(67,'Foie de veau persillé','très bon',445,18),(68,'Foie gras de canard maison chutney de saison','délicieux',223,21),(69,'Fondant à la crème de marrons et au chocolat','très très bon',221,9),(70,'Fondant au chocolat plus que fondant','bon',120,9),(71,'Fricassée de ris de veau','délicieux',127,17),(72,'Ganache chocolat noir aux Amarenas, coulis de griottes','bon',445,9),(73,'Gâteau de Saint-Jacques émulsion de homard','délicieux',223,16),(74,'Gratin Dauphinois','très bon',221,12),(75,'Gravelax de saumon mariné aux betteraves rouges, brunoise de chorizo Ibérique','bon',120,12),(76,'Châteaubriant grillé, Pommes Pont Neuf, béarnaise','très bon',127,21),(77,'La Coupole l’hiver : la poire Belle Hélène à notre façon','très bon',235,10),(78,'La tarte du jour, salade verte mêlée','délicieux',120,10),(79,'La vraie Tartiflette','très très bon',223,22),(80,'Lasagnes aux courgettes et au chèvre','bon',254,17),(81,'Médaillons de suprème de pintade de l''Orléanais, guacamole à l''orange','délicieux',652,19),(82,'Meringue glacée fraise des bois et myrtilles','bon',248,10),(83,'Moelleux au chocolat maison','délicieux',156,10),(84,'Muffins poires pépites de chocolat','très bon',560,8),(85,'Noix de jambon rôtie, réduction miel - balsamique et pommes de terre fondantes','bon',221,16),(86,'Oeuf mollet, saumon fumé, sésame grillé et salade verte mêlée','bon',120,12),(87,'Pain perdu brioché sur une compote à la rhubarbe','très bon',127,10),(88,'Pannequet de saumon mi-fumé, infusion thé vert - crustacés','délicieux',235,12),(89,'Papillote de saumon à la mozzarella','très très bon',120,15),(90,'Parmentier de queue de boeuf et foie gras, salade de mâche à l''huile de truffe','bon',223,18),(91,'Pavé de flétan poché, sauce à l''estragon et légumes du sud','délicieux',445,18),(92,'Pizza 3 fromages','bon',223,12),(93,'Pizza 4 fromages','délicieux',221,13),(94,'Pizza 5 fromages','très bon',120,14),(95,'Pizza Napolitaine','bon',127,12),(96,'Pizza Regina','bon',235,12),(97,'Plateau de fromages','très bon',120,20),(98,'Poulet basquaise','très très bon',127,18),(99,'Profiteroles','délicieux',235,10),(100,'Quasi de veau façon Rossini, gratin de pomme de terre et céleri','très très bon',120,23),(101,'Quiche lorraine','bon',223,10),(102,'Ravioles du Royans dans un velouté aux poireaux, une escalope de foie gras juste poêlée','bon',254,18),(103,'Risotto au canard confit et champignons forestiers','bon',652,18),(104,'Saint-Jacques marinées sur un écrasé de pommes de terre Vitelotte comme une piémontaise, méli-mélo de jambon Serrano et tuile de parmesan','très bon',248,21),(105,'Saint-Jacques poêlée avec ses tagliatelles fraîches à l''encre de seiche','très bon',127,21),(106,'soupe de légumes','délicieux',235,10),(107,'Tartare de bœuf charolais','très très bon',120,15),(108,'Tartare de tomates et d''aubergines frites, œuf poché au basilic','bon',223,15),(109,'Tarte à l''orange','très très bon',445,8),(110,'Tarte aux fruits de saison','délicieux',127,8),(111,'Terrine de campagne forestière au porto et salade verte mêlée','bon',235,10),(112,'Velouté de champignon','délicieux',120,10),(113,'Velouté de champignons, moelleux au jambon de boeuf','très bon',223,10),(114,'Blanquette de veau et ses petits légumes','bon',248,14),(115,'Croque-Monsieur façon Madame','bon',156,9),(116,'Sole meunière et son duo de riz','très bon',560,16),(117,'Fondant chocolat','délicieux',221,7),(118,'Tarte praline','très très bon',120,7),(119,'Andouillette et gratin dauphinois','bon',127,16),(120,'Côte de boeufs et poêlée de légumes','délicieux',235,18),(121,'Truite saumonée et riz pilaf','très très bon',120,17),(122,'Iles flottantes','très très bon',223,7),(123,'Opéra','bon',445,7);
INSERT INTO RESTAURANT (ID,ADRESSE,DENOMINATION,DESCRIPTION,LATITUDE,LONGITUDE) VALUES (1,'4 r Alexandre Boutin, 69100 Villeurbanne','Le Montesquieu','Menu français créatif dans un cadre convivial avec grands miroirs, canapés capitonnés et terrasse en bois.',45.7706885,4.8686394),(2,'96 r Anatole France, 69100 Villeurbanne','Le P''tit Tonneau','Des plats traditionnels proposés dans un cadre soigné et rétro, décoré avec des objets chinés décalés.',45.7678656,4.8783075),(3,'23 r Frédéric Mistral, 69100 Villeurbanne','À la Belle Cocotte','Plats cosmopolites et métissés dans un cadre moderne, élégant et boisé avec banquettes et suspensions design.',45.7563318,4.8764145),(4,'197 r Francis de Pressensé, 69100 Villeurbanne','La Fourchette à Soupe','Ce restaurant de poisson sert une cuisine aux accents méditerranéens dans un cadre chaleureux et en terrasse.',45.7712475,4.8873427),(5,'62 quai Charles de Gaulle, 69006 Lyon','Pizzéria Pinocchio','Cet établissement chaleureux propose risottos, ravioles et pizzas dans un cadre clair aux accents mauves',45.7851768,4.853969999999999),(6,'39 r Ney, 69006 Lyon','Les Enfants Terribles','Une salle aux murs en pierre agrémentée de tableaux colorés pour une cuisine traditionnelle de type brasserie.',45.7687114,4.8555126),(7,'3 pl Jules Ferry, 69006 Lyon','La Ciboulette','Une carte bio et végétarienne volontairement restreinte servie dans une salle au mobilier simple et coloré.',45.7674688,4.858701),(8,'283 av Jean Jaurès, 69007 Lyon','Tartines et Bouchons','Cuisine créative du jour à l''ardoise, vin à la ficelle et ambiance détendue pour ce restaurant chaleureux.',45.72991,4.833169199999999),(9,'6 pl Gabriel Péri, 69007 Lyon','L''entre-potes','Cadre feutré et élégant pour ce restaurant gastronomique aux produits de saison cuisinés artisanalement.',45.7549593,4.8428779),(10,'145 r Marcel Mérieux, 69007 Lyon','Chez Maman','Plats originaux à la présentation raffinée pour ce bistrot intimiste au décor chaleureux, avec terrasse.',45.7379159,4.830365700000001),(11,'8 place Saint-Vincent, 69001 Lyon','Pâturage et potager','Un cadre élégant avec murs en pierre, nappes immaculées et lustres pour une cuisine inventive et raffinée.',45.7682305,4.828330999999999),(12,'29 rue du Boeuf Lyon, 69005 Lyon','Le Boeuf d’argent','Plats traditionnels servis dans une grande salle décorée de nappes à carreaux et d''objets d''école rétro.',45.7621183,4.8266441),(13,'10 place Saint-Vincent, 69001 Lyon','Les Papilles Insolites','Un menu traditionnel finement repensé à base de produits de saison dans un cadre contemporain rouge et gris.',45.7682305,4.828330999999999);
INSERT INTO RESTAURANT_PRODUIT (RESTAURANT_ID,PRODUITS_ID) VALUES (1,51),(1,52),(1,53),(1,54),(2,55),(2,56),(2,57),(2,58),(2,59),(3,60),(3,61),(3,62),(3,63),(3,64),(9,65),(9,66),(9,67),(9,68),(6,69),(6,70),(6,71),(6,72),(6,73),(6,74),(7,75),(7,76),(7,77),(7,78),(8,79),(8,80),(4,81),(8,82),(13,83),(13,84),(13,85),(4,86),(10,87),(10,88),(10,89),(10,90),(10,91),(5,92),(5,93),(5,94),(5,95),(5,96),(8,97),(8,98),(4,99),(2,100),(4,101),(2,102),(3,103),(3,104),(3,105),(1,106),(1,107),(1,108),(4,109),(4,110),(7,111),(7,112),(7,113),(11,114),(11,115),(11,116),(11,117),(11,118),(12,119),(12,120),(12,121),(12,122),(12,123);
DELETE FROM SEQUENCE WHERE SEQ_NAME = 'SEQ_GEN';
INSERT INTO SEQUENCE VALUES ('SEQ_GEN',1150);